"epa_id","Project","analyte_group","analyte_name_deq","poc","conc_benchmark_qmean_2019","conc_benchmark_qmean_2020","conc_benchmark_qmean_2021","n_obs_2019","n_obs_2020","n_obs_2021","nobs_q1_2019","nobs_q1_2020","nobs_q1_2021","nobs_q2_2019","nobs_q2_2020","nobs_q2_2021","nobs_q3_2019","nobs_q3_2020","nobs_q3_2021","nobs_q4_2019","nobs_q4_2020","nobs_q4_2021"
410292129,"Medford Welch and Jackson","Carbonyls","2-Butanone (MEK)",7,NA,NA,NA,42,56,53,5,13,15,8,15,12,15,15,14,14,13,12
410292129,"Medford Welch and Jackson","Carbonyls","2,5-Dimethylbenzaldehyde",7,NA,NA,NA,42,57,53,5,14,15,8,15,12,15,15,14,14,13,12
410292129,"Medford Welch and Jackson","Carbonyls","Acetaldehyde",7,4.51578439153439,4.98744953194953,5.19368386243386,42,57,53,5,14,15,8,15,12,15,15,14,14,13,12
410292129,"Medford Welch and Jackson","Carbonyls","Acetone",7,NA,NA,NA,42,57,53,5,14,15,8,15,12,15,15,14,14,13,12
410292129,"Medford Welch and Jackson","Carbonyls","Benzaldehyde",7,NA,NA,NA,42,57,53,5,14,15,8,15,12,15,15,14,14,13,12
410292129,"Medford Welch and Jackson","Carbonyls","Butyraldehyde",7,NA,NA,NA,42,57,53,5,14,15,8,15,12,15,15,14,14,13,12
410292129,"Medford Welch and Jackson","Carbonyls","Crotonaldehyde",7,NA,NA,NA,42,57,53,5,14,15,8,15,12,15,15,14,14,13,12
410292129,"Medford Welch and Jackson","Carbonyls","Formaldehyde",7,15.4801785714286,16.4067582417582,16.3121428571429,42,57,53,5,14,15,8,15,12,15,15,14,14,13,12
410292129,"Medford Welch and Jackson","Carbonyls","Hexaldehyde",7,NA,NA,NA,42,57,53,5,14,15,8,15,12,15,15,14,14,13,12
410292129,"Medford Welch and Jackson","Carbonyls","Isovaleraldehyde",7,NA,NA,NA,42,57,53,5,14,15,8,15,12,15,15,14,14,13,12
410292129,"Medford Welch and Jackson","Carbonyls","m-Tolualdehyde",7,NA,NA,NA,42,57,53,5,14,15,8,15,12,15,15,14,14,13,12
410292129,"Medford Welch and Jackson","Carbonyls","o-Tolualdehyde",7,NA,NA,NA,42,57,53,5,14,15,8,15,12,15,15,14,14,13,12
410292129,"Medford Welch and Jackson","Carbonyls","p-Tolualdehyde",7,NA,NA,NA,42,57,53,5,14,15,8,15,12,15,15,14,14,13,12
410292129,"Medford Welch and Jackson","Carbonyls","Propionaldehyde",7,NA,NA,NA,42,57,53,5,14,15,8,15,12,15,15,14,14,13,12
410292129,"Medford Welch and Jackson","Carbonyls","Valeraldehyde",7,NA,NA,NA,42,57,53,5,14,15,8,15,12,15,15,14,14,13,12
410292129,"Medford Welch and Jackson","Metals","Antimony, Total",7,NA,NA,NA,59,60,57,13,15,14,15,15,14,16,15,14,15,15,15
410292129,"Medford Welch and Jackson","Metals","Arsenic, Total",7,1.89191666666667,2.55283333333333,1.75616666666667,59,60,57,13,15,14,15,15,14,16,15,14,15,15,15
410292129,"Medford Welch and Jackson","Metals","Beryllium, Total",7,0.0112109375,0.0114791666666667,0.0122544642857143,59,60,57,13,15,14,15,15,14,16,15,14,15,15,15
410292129,"Medford Welch and Jackson","Metals","Cadmium, Total",7,0.116840678418803,0.0983194444444445,0.137452380952381,59,60,57,13,15,14,15,15,14,16,15,14,15,15,15
410292129,"Medford Welch and Jackson","Metals","Chromium, Total",7,NA,NA,NA,59,60,57,13,15,14,15,15,14,16,15,14,15,15,15
410292129,"Medford Welch and Jackson","Metals","Cobalt, Total",7,0.00108482852564103,0.001198,0.0012703869047619,59,60,57,13,15,14,15,15,14,16,15,14,15,15,15
410292129,"Medford Welch and Jackson","Metals","Hexavalent Chromium [Cr(VI)]",7,0.128861505681818,0.21905505952381,0.213747329059829,50,58,51,12,15,15,14,15,14,13,14,13,11,14,9
410292129,"Medford Welch and Jackson","Metals","Lead, Total",7,0.0107537459935897,0.0104422063492064,0.00817610317460317,59,59,57,13,15,14,15,15,14,16,15,14,15,14,15
410292129,"Medford Welch and Jackson","Metals","Manganese, Total",7,0.071399448005698,0.0837796296296296,0.0970462301587302,59,60,57,13,15,14,15,15,14,16,15,14,15,15,15
410292129,"Medford Welch and Jackson","Metals","Nickel, Total",7,0.115833233173077,0.112570833333333,0.115390625,59,60,57,13,15,14,15,15,14,16,15,14,15,15,15
410292129,"Medford Welch and Jackson","Metals","Selenium, Total",7,NA,NA,NA,59,60,57,13,15,14,15,15,14,16,15,14,15,15,15
410292129,"Medford Welch and Jackson","PAHs","Acenaphthene",7,0.74746233974359,0.771235119047619,2.48538049450549,46,57,57,8,14,15,10,14,14,15,14,13,13,15,15
410292129,"Medford Welch and Jackson","PAHs","Acenaphthylene",7,NA,NA,NA,46,57,57,8,14,15,10,14,14,15,14,13,13,15,15
410292129,"Medford Welch and Jackson","PAHs","Anthracene",7,NA,NA,NA,46,57,57,8,14,15,10,14,14,15,14,13,13,15,15
410292129,"Medford Welch and Jackson","PAHs","Benzo(a)anthracene",7,NA,NA,NA,46,57,57,8,14,15,10,14,14,15,14,13,13,15,15
410292129,"Medford Welch and Jackson","PAHs","Benzo(a)pyrene",7,NA,NA,NA,46,57,57,8,14,15,10,14,14,15,14,13,13,15,15
410292129,"Medford Welch and Jackson","PAHs","Benzo(b)fluoranthene",7,NA,NA,NA,46,57,57,8,14,15,10,14,14,15,14,13,13,15,15
410292129,"Medford Welch and Jackson","PAHs","Benzo(e)pyrene",7,NA,NA,NA,46,57,57,8,14,15,10,14,14,15,14,13,13,15,15
410292129,"Medford Welch and Jackson","PAHs","Benzo(g,h,i)perylene",7,NA,NA,NA,46,57,57,8,14,15,10,14,14,15,14,13,13,15,15
410292129,"Medford Welch and Jackson","PAHs","Benzo(k)fluoranthene",7,NA,NA,NA,46,57,57,8,14,15,10,14,14,15,14,13,13,15,15
410292129,"Medford Welch and Jackson","PAHs","Chrysene",7,NA,NA,NA,46,57,57,8,14,15,10,14,14,15,14,13,13,15,15
410292129,"Medford Welch and Jackson","PAHs","Coronene",7,NA,NA,NA,46,57,57,8,14,15,10,14,14,15,14,13,13,15,15
410292129,"Medford Welch and Jackson","PAHs","Dibenzo(a,h)anthracene",7,NA,NA,NA,46,57,57,8,14,15,10,14,14,15,14,13,13,15,15
410292129,"Medford Welch and Jackson","PAHs","Dibenzofuran",7,NA,NA,NA,46,57,57,8,14,15,10,14,14,15,14,13,13,15,15
410292129,"Medford Welch and Jackson","PAHs","Dibenzothiophene",7,NA,NA,NA,46,57,57,8,14,15,10,14,14,15,14,13,13,15,15
410292129,"Medford Welch and Jackson","PAHs","Fluoranthene",7,NA,NA,NA,46,57,57,8,14,15,10,14,14,15,14,13,13,15,15
410292129,"Medford Welch and Jackson","PAHs","Fluorene",7,NA,NA,NA,46,57,57,8,14,15,10,14,14,15,14,13,13,15,15
410292129,"Medford Welch and Jackson","PAHs","Indeno(1,2,3-cd)pyrene",7,NA,NA,NA,46,57,57,8,14,15,10,14,14,15,14,13,13,15,15
410292129,"Medford Welch and Jackson","PAHs","Naphthalene",7,1.71333194444444,1.85897222222222,2.81718253968254,46,57,57,8,14,15,10,14,14,15,14,13,13,15,15
410292129,"Medford Welch and Jackson","PAHs","Perylene",7,NA,NA,NA,46,57,57,8,14,15,10,14,14,15,14,13,13,15,15
410292129,"Medford Welch and Jackson","PAHs","Phenanthrene",7,NA,NA,NA,46,57,57,8,14,15,10,14,14,15,14,13,13,15,15
410292129,"Medford Welch and Jackson","PAHs","Pyrene",7,NA,NA,NA,46,57,57,8,14,15,10,14,14,15,14,13,13,15,15
410292129,"Medford Welch and Jackson","VOCs","1,1-Dichloroethane",7,NA,NA,NA,35,50,26,3,12,NA,8,12,4,12,15,13,12,11,9
410292129,"Medford Welch and Jackson","VOCs","1,1-Dichloroethylene",7,NA,NA,NA,35,50,26,3,12,NA,8,12,4,12,15,13,12,11,9
410292129,"Medford Welch and Jackson","VOCs","1,1,1-Trichloroethane",7,1.94269788194362e-05,1.09063740740694e-05,1.09063740740694e-05,35,50,26,3,12,NA,8,12,4,12,15,13,12,11,9
410292129,"Medford Welch and Jackson","VOCs","1,1,2-Trichloroethane",7,NA,NA,NA,30,50,26,3,12,NA,8,12,4,10,15,13,9,11,9
410292129,"Medford Welch and Jackson","VOCs","1,1,2,2-Tetrachloroethane",7,NA,NA,NA,35,50,26,3,12,NA,8,12,4,12,15,13,12,11,9
410292129,"Medford Welch and Jackson","VOCs","1,2-Dibromoethane (EDB)",7,NA,NA,NA,32,50,26,3,12,NA,8,12,4,10,15,13,11,11,9
410292129,"Medford Welch and Jackson","VOCs","1,2-Dichlorobenzene",7,NA,NA,NA,31,50,26,3,12,NA,8,12,4,10,15,13,10,11,9
410292129,"Medford Welch and Jackson","VOCs","1,2-Dichloroethane (EDC)",7,NA,NA,NA,35,50,26,3,12,NA,8,12,4,12,15,13,12,11,9
410292129,"Medford Welch and Jackson","VOCs","1,2-Dichloropropane",7,NA,NA,NA,35,50,26,3,12,NA,8,12,4,12,15,13,12,11,9
410292129,"Medford Welch and Jackson","VOCs","1,2-Dimethylbenzene",7,NA,NA,NA,34,50,26,3,12,NA,8,12,4,11,15,13,12,11,9
410292129,"Medford Welch and Jackson","VOCs","1,2,4-Trichlorobenzene",7,NA,NA,NA,31,50,26,2,12,NA,6,12,4,12,15,13,11,11,9
410292129,"Medford Welch and Jackson","VOCs","1,2,4-Trimethylbenzene",7,NA,NA,NA,35,50,26,3,12,NA,8,12,4,12,15,13,12,11,9
410292129,"Medford Welch and Jackson","VOCs","1,3-Butadiene",7,3.28126519811925,3.35985443149622,3.29170185987897,35,50,26,3,12,NA,8,12,4,12,15,13,12,11,9
410292129,"Medford Welch and Jackson","VOCs","1,3-Dichlorobenzene",7,NA,NA,NA,34,50,26,3,12,NA,8,12,4,12,15,13,11,11,9
410292129,"Medford Welch and Jackson","VOCs","1,3,5-Trimethylbenzene",7,NA,NA,NA,28,50,26,3,12,NA,8,12,4,6,15,13,11,11,9
410292129,"Medford Welch and Jackson","VOCs","1,4-Dichlorobenzene",7,2.15297397267463,2.00292175146101,2.00292175146101,31,50,26,3,12,NA,8,12,4,10,15,13,10,11,9
410292129,"Medford Welch and Jackson","VOCs","1,4-Dimethylbenzene + 1,3-Dimethylbenzene",7,NA,NA,NA,35,50,26,3,12,NA,8,12,4,12,15,13,12,11,9
410292129,"Medford Welch and Jackson","VOCs","1,4-Dioxane",7,NA,NA,NA,35,50,26,3,12,NA,8,12,4,12,15,13,12,11,9
410292129,"Medford Welch and Jackson","VOCs","2-Butanone (MEK)",7,NA,NA,NA,35,50,26,3,12,NA,8,12,4,12,15,13,12,11,9
410292129,"Medford Welch and Jackson","VOCs","2-Chloro-1,3-butadiene",7,NA,NA,NA,35,50,26,3,12,NA,8,12,4,12,15,13,12,11,9
410292129,"Medford Welch and Jackson","VOCs","2-Hexanone",7,NA,NA,NA,35,50,26,3,12,NA,8,12,4,12,15,13,12,11,9
410292129,"Medford Welch and Jackson","VOCs","4-Ethyltoluene",7,NA,NA,NA,35,50,26,3,12,NA,8,12,4,12,15,13,12,11,9
410292129,"Medford Welch and Jackson","VOCs","4-Methyl-2-pentanone (MIBK)",7,NA,NA,NA,30,50,26,3,12,NA,8,12,4,10,15,13,9,11,9
410292129,"Medford Welch and Jackson","VOCs","Acetone",7,NA,NA,NA,32,50,26,NA,12,NA,8,12,4,12,15,13,12,11,9
410292129,"Medford Welch and Jackson","VOCs","Acetonitrile",7,NA,NA,NA,35,50,26,3,12,NA,8,12,4,12,15,13,12,11,9
410292129,"Medford Welch and Jackson","VOCs","Acrolein",7,0.96088863269864,1.21804728323267,1.33905024391364,35,50,26,3,12,NA,8,12,4,12,15,13,12,11,9
410292129,"Medford Welch and Jackson","VOCs","Acrylonitrile",7,5.73512147596924,4.43193125089082,5.14213029812229,35,50,26,3,12,NA,8,12,4,12,15,13,12,11,9
410292129,"Medford Welch and Jackson","VOCs","Benzene",7,6.0102499289579,8.28517823971586,7.70590956092621,35,50,26,3,12,NA,8,12,4,12,15,13,12,11,9
410292129,"Medford Welch and Jackson","VOCs","Benzyl chloride",7,NA,NA,NA,24,50,26,1,12,NA,8,12,4,7,15,13,8,11,9
410292129,"Medford Welch and Jackson","VOCs","Bromodichloromethane",7,NA,NA,NA,35,50,26,3,12,NA,8,12,4,12,15,13,12,11,9
410292129,"Medford Welch and Jackson","VOCs","Bromoform",7,NA,NA,NA,35,50,26,3,12,NA,8,12,4,12,15,13,12,11,9
410292129,"Medford Welch and Jackson","VOCs","Bromomethane",7,NA,NA,NA,35,50,26,3,12,NA,8,12,4,12,15,13,12,11,9
410292129,"Medford Welch and Jackson","VOCs","Carbon disulfide",7,NA,NA,NA,35,50,26,3,12,NA,8,12,4,12,15,13,12,11,9
410292129,"Medford Welch and Jackson","VOCs","Carbon tetrachloride",7,2.58322669962133,3.37377759281682,3.04990558836583,35,50,26,3,12,NA,8,12,4,12,15,13,12,11,9
410292129,"Medford Welch and Jackson","VOCs","Chlorobenzene",7,NA,NA,NA,35,50,26,3,12,NA,8,12,4,12,15,13,12,11,9
410292129,"Medford Welch and Jackson","VOCs","Chloroethane",7,NA,NA,NA,35,50,26,3,12,NA,8,12,4,12,15,13,12,11,9
410292129,"Medford Welch and Jackson","VOCs","Chloroform",7,0.00045140659355222,0.00044096821463177,0.00041811031154177,35,50,26,3,12,NA,8,12,4,12,15,13,12,11,9
410292129,"Medford Welch and Jackson","VOCs","Chloromethane",7,NA,NA,NA,35,50,26,3,12,NA,8,12,4,12,15,13,12,11,9
410292129,"Medford Welch and Jackson","VOCs","cis-1,2-Dichloroethene",7,NA,NA,NA,35,50,26,3,12,NA,8,12,4,12,15,13,12,11,9
410292129,"Medford Welch and Jackson","VOCs","cis-1,3-Dichloropropene",7,NA,NA,NA,31,50,26,3,12,NA,8,12,4,10,15,13,10,11,9
410292129,"Medford Welch and Jackson","VOCs","Cyclohexane",7,NA,NA,NA,35,50,26,3,12,NA,8,12,4,12,15,13,12,11,9
410292129,"Medford Welch and Jackson","VOCs","Dibromochloromethane",7,NA,NA,NA,35,50,26,3,12,NA,8,12,4,12,15,13,12,11,9
410292129,"Medford Welch and Jackson","VOCs","Dichlorodifluoromethane (Freon 12)",7,NA,NA,NA,35,50,26,3,12,NA,8,12,4,12,15,13,12,11,9
410292129,"Medford Welch and Jackson","VOCs","Dichlorotetrafluoroethane (Freon 114)",7,NA,NA,NA,35,50,26,3,12,NA,8,12,4,12,15,13,12,11,9
410292129,"Medford Welch and Jackson","VOCs","Ethylbenzene",7,1.12403811500421,1.84243866960454,1.04058503538353,35,50,26,3,12,NA,8,12,4,12,15,13,12,11,9
410292129,"Medford Welch and Jackson","VOCs","Hexachloro-1,3-butadiene",7,NA,NA,NA,35,50,26,3,12,NA,8,12,4,12,15,13,12,11,9
410292129,"Medford Welch and Jackson","VOCs","Isopropanol",7,NA,NA,NA,35,50,26,3,12,NA,8,12,4,12,15,13,12,11,9
410292129,"Medford Welch and Jackson","VOCs","Methyl tert-butyl ether (MTBE)",7,NA,NA,NA,32,50,26,3,12,NA,8,12,4,9,15,13,12,11,9
410292129,"Medford Welch and Jackson","VOCs","Methylene chloride",7,0.0323258230428807,0.337334228064413,0.00478400902098278,35,48,26,3,12,NA,8,12,4,12,13,13,12,11,9
410292129,"Medford Welch and Jackson","VOCs","Methylmethacrylate",7,NA,NA,NA,35,50,26,3,12,NA,8,12,4,12,15,13,12,11,9
410292129,"Medford Welch and Jackson","VOCs","n-Heptane",7,NA,NA,NA,35,50,26,3,12,NA,8,12,4,12,15,13,12,11,9
410292129,"Medford Welch and Jackson","VOCs","n-Hexane",7,0.00549330308590059,0.0642973356092092,0.0364887234542882,35,50,26,3,12,NA,8,12,4,12,15,13,12,11,9
410292129,"Medford Welch and Jackson","VOCs","Styrene",7,0.00021077439881132,0.00027236972263616,0.00013627804417076,35,50,26,3,12,NA,8,12,4,12,15,13,12,11,9
410292129,"Medford Welch and Jackson","VOCs","Tetrachloroethylene",7,0.0364253800430007,0.0528902012810043,0.0301286118544322,34,50,26,3,12,NA,8,12,4,12,15,13,11,11,9
410292129,"Medford Welch and Jackson","VOCs","Tetrahydrofuran",7,NA,NA,NA,35,49,26,3,11,NA,8,12,4,12,15,13,12,11,9
410292129,"Medford Welch and Jackson","VOCs","Toluene",7,0.00049567109271993,0.0007381180352352,0.000522840467924,35,50,26,3,12,NA,8,12,4,12,15,13,12,11,9
410292129,"Medford Welch and Jackson","VOCs","trans-1,2-Dichloroethene",7,NA,NA,NA,35,50,26,3,12,NA,8,12,4,12,15,13,12,11,9
410292129,"Medford Welch and Jackson","VOCs","trans-1,3-Dichloropropene",7,NA,NA,NA,30,50,26,3,12,NA,8,12,4,10,15,13,9,11,9
410292129,"Medford Welch and Jackson","VOCs","Trichloroethylene",7,0.453536531164229,0.402796391754436,0.402796391754436,32,50,26,3,12,NA,8,12,4,10,15,13,11,11,9
410292129,"Medford Welch and Jackson","VOCs","Trichlorofluoromethane (Freon 11)",7,NA,NA,NA,35,50,26,3,12,NA,8,12,4,12,15,13,12,11,9
410292129,"Medford Welch and Jackson","VOCs","Trichlotrifluoroethane (freon 113)",7,NA,NA,NA,35,50,26,3,12,NA,8,12,4,12,15,13,12,11,9
410292129,"Medford Welch and Jackson","VOCs","vinyl chloride",7,0.327312056804814,0.127731534362854,0.127731534362854,35,50,26,3,12,NA,8,12,4,12,15,13,12,11,9
410390059,"Eugene Hwy 99","Carbonyls","2-Butanone (MEK)",7,NA,NA,NA,56,59,56,14,15,15,13,15,14,14,16,13,15,13,14
410390059,"Eugene Hwy 99","Carbonyls","2,5-Dimethylbenzaldehyde",7,NA,NA,NA,56,59,56,14,15,15,13,15,14,14,16,13,15,13,14
410390059,"Eugene Hwy 99","Carbonyls","Acetaldehyde",7,3.02202808302808,3.97528596866097,2.7890002035002,56,59,56,14,15,15,13,15,14,14,16,13,15,13,14
410390059,"Eugene Hwy 99","Carbonyls","Acetone",7,NA,NA,NA,56,59,56,14,15,15,13,15,14,14,16,13,15,13,14
410390059,"Eugene Hwy 99","Carbonyls","Benzaldehyde",7,NA,NA,NA,56,59,56,14,15,15,13,15,14,14,16,13,15,13,14
410390059,"Eugene Hwy 99","Carbonyls","Butyraldehyde",7,NA,NA,NA,56,59,56,14,15,15,13,15,14,14,16,13,15,13,14
410390059,"Eugene Hwy 99","Carbonyls","Crotonaldehyde",7,NA,NA,NA,56,59,56,14,15,15,13,15,14,14,16,13,15,13,14
410390059,"Eugene Hwy 99","Carbonyls","Formaldehyde",7,7.19478617216117,8.40357371794872,7.38905105311355,56,59,56,14,15,15,13,15,14,14,16,13,15,13,14
410390059,"Eugene Hwy 99","Carbonyls","Hexaldehyde",7,NA,NA,NA,56,59,56,14,15,15,13,15,14,14,16,13,15,13,14
410390059,"Eugene Hwy 99","Carbonyls","Isovaleraldehyde",7,NA,NA,NA,55,59,56,14,15,15,13,15,14,14,16,13,14,13,14
410390059,"Eugene Hwy 99","Carbonyls","m-Tolualdehyde",7,NA,NA,NA,56,59,56,14,15,15,13,15,14,14,16,13,15,13,14
410390059,"Eugene Hwy 99","Carbonyls","o-Tolualdehyde",7,NA,NA,NA,56,59,56,14,15,15,13,15,14,14,16,13,15,13,14
410390059,"Eugene Hwy 99","Carbonyls","p-Tolualdehyde",7,NA,NA,NA,56,59,56,14,15,15,13,15,14,14,16,13,15,13,14
410390059,"Eugene Hwy 99","Carbonyls","Propionaldehyde",7,NA,NA,NA,56,59,56,14,15,15,13,15,14,14,16,13,15,13,14
410390059,"Eugene Hwy 99","Carbonyls","Valeraldehyde",7,NA,NA,NA,56,59,56,14,15,15,13,15,14,14,16,13,15,13,14
410390059,"Eugene Hwy 99","Metals","Antimony, Total",7,NA,NA,NA,59,61,59,14,15,15,14,15,15,16,16,15,15,15,14
410390059,"Eugene Hwy 99","Metals","Arsenic, Total",7,4.27661458333333,3.63523958333333,2.56480357142857,59,61,59,14,15,15,14,15,15,16,16,15,15,15,14
410390059,"Eugene Hwy 99","Metals","Beryllium, Total",7,0.01162109375,0.013671875,0.014625,59,61,59,14,15,15,14,15,15,16,16,15,15,15,14
410390059,"Eugene Hwy 99","Metals","Cadmium, Total",7,0.114329861111111,0.178323784722222,0.0993809523809524,59,61,59,14,15,15,14,15,15,16,16,15,15,15,14
410390059,"Eugene Hwy 99","Metals","Chromium, Total",7,NA,NA,NA,59,61,59,14,15,15,14,15,15,16,16,15,15,15,14
410390059,"Eugene Hwy 99","Metals","Cobalt, Total",7,0.00117811011904762,0.00138421875,0.0014618630952381,59,61,59,14,15,15,14,15,15,16,16,15,15,15,14
410390059,"Eugene Hwy 99","Metals","Hexavalent Chromium [Cr(VI)]",7,0.20467828525641,0.530350847069597,0.3046875,52,57,60,13,14,15,12,15,15,14,15,15,13,13,15
410390059,"Eugene Hwy 99","Metals","Lead, Total",7,0.0195422043650794,0.0231803645833333,0.0122059206349206,59,61,59,14,15,15,14,15,15,16,16,15,15,15,14
410390059,"Eugene Hwy 99","Metals","Manganese, Total",7,0.06504083994709,0.103052523148148,0.0847252976190476,59,61,59,14,15,15,14,15,15,16,16,15,15,15,14
410390059,"Eugene Hwy 99","Metals","Nickel, Total",7,0.191465029761905,0.181101302083333,0.182229613095238,59,61,59,14,15,15,14,15,15,16,16,15,15,15,14
410390059,"Eugene Hwy 99","Metals","Selenium, Total",7,NA,NA,NA,59,61,59,14,15,15,14,15,15,16,16,15,15,15,14
410390059,"Eugene Hwy 99","PAHs","Acenaphthene",7,22.2099285714286,11.4386666666667,10.7857023809524,58,60,57,14,15,13,14,15,15,15,15,14,15,15,15
410390059,"Eugene Hwy 99","PAHs","Acenaphthylene",7,NA,NA,NA,58,60,57,14,15,13,14,15,15,15,15,14,15,15,15
410390059,"Eugene Hwy 99","PAHs","Anthracene",7,NA,NA,NA,58,60,57,14,15,13,14,15,15,15,15,14,15,15,15
410390059,"Eugene Hwy 99","PAHs","Benzo(a)anthracene",7,NA,NA,NA,58,60,57,14,15,13,14,15,15,15,15,14,15,15,15
410390059,"Eugene Hwy 99","PAHs","Benzo(a)pyrene",7,NA,NA,NA,58,60,57,14,15,13,14,15,15,15,15,14,15,15,15
410390059,"Eugene Hwy 99","PAHs","Benzo(b)fluoranthene",7,NA,NA,NA,58,60,57,14,15,13,14,15,15,15,15,14,15,15,15
410390059,"Eugene Hwy 99","PAHs","Benzo(e)pyrene",7,NA,NA,NA,58,60,57,14,15,13,14,15,15,15,15,14,15,15,15
410390059,"Eugene Hwy 99","PAHs","Benzo(g,h,i)perylene",7,NA,NA,NA,58,60,57,14,15,13,14,15,15,15,15,14,15,15,15
410390059,"Eugene Hwy 99","PAHs","Benzo(k)fluoranthene",7,NA,NA,NA,58,60,57,14,15,13,14,15,15,15,15,14,15,15,15
410390059,"Eugene Hwy 99","PAHs","Chrysene",7,NA,NA,NA,58,60,57,14,15,13,14,15,15,15,15,14,15,15,15
410390059,"Eugene Hwy 99","PAHs","Coronene",7,NA,NA,NA,58,60,57,14,15,13,14,15,15,15,15,14,15,15,15
410390059,"Eugene Hwy 99","PAHs","Dibenzo(a,h)anthracene",7,NA,NA,NA,58,60,57,14,15,13,14,15,15,15,15,14,15,15,15
410390059,"Eugene Hwy 99","PAHs","Dibenzofuran",7,NA,NA,NA,58,60,57,14,15,13,14,15,15,15,15,14,15,15,15
410390059,"Eugene Hwy 99","PAHs","Dibenzothiophene",7,NA,NA,NA,58,60,57,14,15,13,14,15,15,15,15,14,15,15,15
410390059,"Eugene Hwy 99","PAHs","Fluoranthene",7,NA,NA,NA,58,60,57,14,15,13,14,15,15,15,15,14,15,15,15
410390059,"Eugene Hwy 99","PAHs","Fluorene",7,NA,NA,NA,58,60,57,14,15,13,14,15,15,15,15,14,15,15,15
410390059,"Eugene Hwy 99","PAHs","Indeno(1,2,3-cd)pyrene",7,NA,NA,NA,58,60,57,14,15,13,14,15,15,15,15,14,15,15,15
410390059,"Eugene Hwy 99","PAHs","Naphthalene",7,8.92572222222222,4.25027777777778,3.48199358974359,58,60,57,14,15,13,14,15,15,15,15,14,15,15,15
410390059,"Eugene Hwy 99","PAHs","Perylene",7,NA,NA,NA,58,60,57,14,15,13,14,15,15,15,15,14,15,15,15
410390059,"Eugene Hwy 99","PAHs","Phenanthrene",7,NA,NA,NA,58,60,57,14,15,13,14,15,15,15,15,14,15,15,15
410390059,"Eugene Hwy 99","PAHs","Pyrene",7,NA,NA,NA,58,60,57,14,15,13,14,15,15,15,15,14,15,15,15
410390060,"Eugene Amazon Park","Carbonyls","2-Butanone (MEK)",7,NA,NA,NA,53,55,54,13,12,14,14,14,12,13,15,14,13,14,14
410390060,"Eugene Amazon Park","Carbonyls","2,5-Dimethylbenzaldehyde",7,NA,NA,NA,53,58,54,13,15,14,14,14,12,13,15,14,13,14,14
410390060,"Eugene Amazon Park","Carbonyls","Acetaldehyde",7,2.27870573870574,2.90503703703704,2.2373544973545,53,58,54,13,15,14,14,14,12,13,15,14,13,14,14
410390060,"Eugene Amazon Park","Carbonyls","Acetone",7,NA,NA,NA,53,58,54,13,15,14,14,14,12,13,15,14,13,14,14
410390060,"Eugene Amazon Park","Carbonyls","Benzaldehyde",7,NA,NA,NA,53,58,54,13,15,14,14,14,12,13,15,14,13,14,14
410390060,"Eugene Amazon Park","Carbonyls","Butyraldehyde",7,NA,NA,NA,53,58,54,13,15,14,14,14,12,13,15,14,13,14,14
410390060,"Eugene Amazon Park","Carbonyls","Crotonaldehyde",7,NA,NA,NA,53,58,54,13,15,14,14,14,12,13,15,14,13,14,14
410390060,"Eugene Amazon Park","Carbonyls","Formaldehyde",7,7.59199175824176,7.32997023809524,6.95083333333333,53,58,54,13,15,14,14,14,12,13,15,14,13,14,14
410390060,"Eugene Amazon Park","Carbonyls","Hexaldehyde",7,NA,NA,NA,53,58,54,13,15,14,14,14,12,13,15,14,13,14,14
410390060,"Eugene Amazon Park","Carbonyls","Isovaleraldehyde",7,NA,NA,NA,51,58,54,13,15,14,14,14,12,13,15,14,11,14,14
410390060,"Eugene Amazon Park","Carbonyls","m-Tolualdehyde",7,NA,NA,NA,53,58,54,13,15,14,14,14,12,13,15,14,13,14,14
410390060,"Eugene Amazon Park","Carbonyls","o-Tolualdehyde",7,NA,NA,NA,53,58,54,13,15,14,14,14,12,13,15,14,13,14,14
410390060,"Eugene Amazon Park","Carbonyls","p-Tolualdehyde",7,NA,NA,NA,53,58,54,13,15,14,14,14,12,13,15,14,13,14,14
410390060,"Eugene Amazon Park","Carbonyls","Propionaldehyde",7,NA,NA,NA,53,58,54,13,15,14,14,14,12,13,15,14,13,14,14
410390060,"Eugene Amazon Park","Carbonyls","Valeraldehyde",7,NA,NA,NA,53,58,54,13,15,14,14,14,12,13,15,14,13,14,14
410390060,"Eugene Amazon Park","Metals","Antimony, Total",7,NA,NA,NA,59,60,59,14,15,15,14,15,14,16,15,15,15,15,15
410390060,"Eugene Amazon Park","Metals","Arsenic, Total",7,3.21946130952381,2.47225,1.6157619047619,59,60,59,14,15,15,14,15,14,16,15,15,15,15,15
410390060,"Eugene Amazon Park","Metals","Beryllium, Total",7,0.011953125,0.0133125,0.013625,59,60,59,14,15,15,14,15,14,16,15,15,15,15,15
410390060,"Eugene Amazon Park","Metals","Cadmium, Total",7,0.0905891617063492,0.153027777777778,0.0774305555555556,59,60,59,14,15,15,14,15,14,16,15,15,15,15,15
410390060,"Eugene Amazon Park","Metals","Chromium, Total",7,NA,NA,NA,59,60,59,14,15,15,14,15,14,16,15,15,15,15,15
410390060,"Eugene Amazon Park","Metals","Cobalt, Total",7,0.00075715997023809,0.00093416666666666,0.00098826785714285,59,60,59,14,15,15,14,15,14,16,15,15,15,15,15
410390060,"Eugene Amazon Park","Metals","Hexavalent Chromium [Cr(VI)]",7,0.138016540750916,0.145013020833333,0.124107142857143,53,61,59,14,15,15,12,15,15,14,16,14,13,15,15
410390060,"Eugene Amazon Park","Metals","Lead, Total",7,0.00810593154761905,0.0068675,0.0051590119047619,59,59,59,14,15,15,14,15,14,16,15,15,15,14,15
410390060,"Eugene Amazon Park","Metals","Manganese, Total",7,0.0444727058531746,0.0720046296296296,0.0553824074074074,59,60,59,14,15,15,14,15,14,16,15,15,15,15,15
410390060,"Eugene Amazon Park","Metals","Nickel, Total",7,0.123092261904762,0.121054166666667,0.110635416666667,59,60,59,14,15,15,14,15,14,16,15,15,15,15,15
410390060,"Eugene Amazon Park","Metals","Selenium, Total",7,NA,NA,NA,59,60,59,14,15,15,14,15,14,16,15,15,15,15,15
410390060,"Eugene Amazon Park","PAHs","Acenaphthene",7,0.909247023809524,0.581684523809524,0.469261904761905,58,59,59,14,14,15,14,15,15,15,15,15,15,15,14
410390060,"Eugene Amazon Park","PAHs","Acenaphthylene",7,NA,NA,NA,58,59,59,14,14,15,14,15,15,15,15,15,15,15,14
410390060,"Eugene Amazon Park","PAHs","Anthracene",7,NA,NA,NA,58,59,59,14,14,15,14,15,15,15,15,15,15,15,14
410390060,"Eugene Amazon Park","PAHs","Benzo(a)anthracene",7,NA,NA,NA,58,59,59,14,14,15,14,15,15,15,15,15,15,15,14
410390060,"Eugene Amazon Park","PAHs","Benzo(a)pyrene",7,NA,NA,NA,58,59,59,14,14,15,14,15,15,15,15,15,15,15,14
410390060,"Eugene Amazon Park","PAHs","Benzo(b)fluoranthene",7,NA,NA,NA,58,59,59,14,14,15,14,15,15,15,15,15,15,15,14
410390060,"Eugene Amazon Park","PAHs","Benzo(e)pyrene",7,NA,NA,NA,58,59,59,14,14,15,14,15,15,15,15,15,15,15,14
410390060,"Eugene Amazon Park","PAHs","Benzo(g,h,i)perylene",7,NA,NA,NA,58,59,59,14,14,15,14,15,15,15,15,15,15,15,14
410390060,"Eugene Amazon Park","PAHs","Benzo(k)fluoranthene",7,NA,NA,NA,58,59,59,14,14,15,14,15,15,15,15,15,15,15,14
410390060,"Eugene Amazon Park","PAHs","Chrysene",7,NA,NA,NA,58,59,59,14,14,15,14,15,15,15,15,15,15,15,14
410390060,"Eugene Amazon Park","PAHs","Coronene",7,NA,NA,NA,58,59,59,14,14,15,14,15,15,15,15,15,15,15,14
410390060,"Eugene Amazon Park","PAHs","Dibenzo(a,h)anthracene",7,NA,NA,NA,58,59,59,14,14,15,14,15,15,15,15,15,15,15,14
410390060,"Eugene Amazon Park","PAHs","Dibenzofuran",7,NA,NA,NA,58,59,59,14,14,15,14,15,15,15,15,15,15,15,14
410390060,"Eugene Amazon Park","PAHs","Dibenzothiophene",7,NA,NA,NA,58,59,59,14,14,15,14,15,15,15,15,15,15,15,14
410390060,"Eugene Amazon Park","PAHs","Fluoranthene",7,NA,NA,NA,58,59,59,14,14,15,14,15,15,15,15,15,15,15,14
410390060,"Eugene Amazon Park","PAHs","Fluorene",7,NA,NA,NA,58,59,59,14,14,15,14,15,15,15,15,15,15,15,14
410390060,"Eugene Amazon Park","PAHs","Indeno(1,2,3-cd)pyrene",7,NA,NA,NA,58,59,59,14,14,15,14,15,15,15,15,15,15,15,14
410390060,"Eugene Amazon Park","PAHs","Naphthalene",7,1.67381785714286,1.44394920634921,0.863347619047619,58,59,59,14,14,15,14,15,15,15,15,15,15,15,14
410390060,"Eugene Amazon Park","PAHs","Perylene",7,NA,NA,NA,58,59,59,14,14,15,14,15,15,15,15,15,15,15,14
410390060,"Eugene Amazon Park","PAHs","Phenanthrene",7,NA,NA,NA,58,59,59,14,14,15,14,15,15,15,15,15,15,15,14
410390060,"Eugene Amazon Park","PAHs","Pyrene",7,NA,NA,NA,58,59,59,14,14,15,14,15,15,15,15,15,15,15,14
410512010,"Portland Humboldt School","Carbonyls","2-Butanone (MEK)",7,NA,NA,NA,59,58,62,15,14,15,14,14,15,15,16,15,15,14,17
410512010,"Portland Humboldt School","Carbonyls","2,5-Dimethylbenzaldehyde",7,NA,NA,NA,59,59,62,15,14,15,14,15,15,15,16,15,15,14,17
410512010,"Portland Humboldt School","Carbonyls","Acetaldehyde",7,2.10702116402116,2.66529761904762,2.2950174291939,59,58,62,15,14,15,14,14,15,15,16,15,15,14,17
410512010,"Portland Humboldt School","Carbonyls","Acetone",7,NA,NA,NA,59,58,62,15,14,15,14,14,15,15,16,15,15,14,17
410512010,"Portland Humboldt School","Carbonyls","Benzaldehyde",7,NA,NA,NA,59,59,62,15,14,15,14,15,15,15,16,15,15,14,17
410512010,"Portland Humboldt School","Carbonyls","Butyraldehyde",7,NA,NA,NA,59,59,62,15,14,15,14,15,15,15,16,15,15,14,17
410512010,"Portland Humboldt School","Carbonyls","Crotonaldehyde",7,NA,NA,NA,59,59,62,15,14,15,14,15,15,15,16,15,15,14,17
410512010,"Portland Humboldt School","Carbonyls","Formaldehyde",7,8.78811904761905,8.65966517857143,8.01934803921569,59,58,62,15,14,15,14,14,15,15,16,15,15,14,17
410512010,"Portland Humboldt School","Carbonyls","Hexaldehyde",7,NA,NA,NA,59,59,62,15,14,15,14,15,15,15,16,15,15,14,17
410512010,"Portland Humboldt School","Carbonyls","Isovaleraldehyde",7,NA,NA,NA,57,59,62,15,14,15,14,15,15,15,16,15,13,14,17
410512010,"Portland Humboldt School","Carbonyls","m-Tolualdehyde",7,NA,NA,NA,59,59,62,15,14,15,14,15,15,15,16,15,15,14,17
410512010,"Portland Humboldt School","Carbonyls","o-Tolualdehyde",7,NA,NA,NA,59,59,62,15,14,15,14,15,15,15,16,15,15,14,17
410512010,"Portland Humboldt School","Carbonyls","p-Tolualdehyde",7,NA,NA,NA,59,59,62,15,14,15,14,15,15,15,16,15,15,14,17
410512010,"Portland Humboldt School","Carbonyls","Propionaldehyde",7,NA,NA,NA,59,59,62,15,14,15,14,15,15,15,16,15,15,14,17
410512010,"Portland Humboldt School","Carbonyls","Valeraldehyde",7,NA,NA,NA,59,59,62,15,14,15,14,15,15,15,16,15,15,14,17
410512010,"Portland Humboldt School","Metals","Antimony, Total",7,NA,NA,NA,61,60,61,15,15,15,15,15,15,16,16,15,15,14,16
410512010,"Portland Humboldt School","Metals","Arsenic, Total",7,3.587515625,3.02546205357143,2.16336458333333,61,60,61,15,15,15,15,15,15,16,16,15,15,14,16
410512010,"Portland Humboldt School","Metals","Beryllium, Total",7,0.01125,0.01162109375,0.0114375,61,60,61,15,15,15,15,15,15,16,16,15,15,14,16
410512010,"Portland Humboldt School","Metals","Cadmium, Total",7,0.0992777777777778,0.164527033730159,0.101318576388889,61,60,61,15,15,15,15,15,15,16,16,15,15,14,16
410512010,"Portland Humboldt School","Metals","Chromium, Total",7,NA,NA,NA,61,60,61,15,15,15,15,15,15,16,16,15,15,14,16
410512010,"Portland Humboldt School","Metals","Cobalt, Total",7,0.00144972916666667,0.0014884025297619,0.00152908854166667,61,60,61,15,15,15,15,15,15,16,16,15,15,14,16
410512010,"Portland Humboldt School","Metals","Hexavalent Chromium [Cr(VI)]",7,0.187592290521978,0.185,0.206724330357143,58,60,60,15,15,15,13,15,15,16,15,14,14,15,16
410512010,"Portland Humboldt School","Metals","Lead, Total",7,0.01528975,0.0138370982905983,0.0122042638888889,61,59,61,15,15,15,15,15,15,16,16,15,15,13,16
410512010,"Portland Humboldt School","Metals","Manganese, Total",7,0.112188032407407,0.207700300925926,0.175960138888889,61,60,61,15,15,15,15,15,15,16,16,15,15,14,16
410512010,"Portland Humboldt School","Metals","Nickel, Total",7,0.15855234375,0.191743601190476,0.162920052083333,61,60,61,15,15,15,15,15,15,16,16,15,15,14,16
410512010,"Portland Humboldt School","Metals","Selenium, Total",7,NA,NA,NA,61,60,61,15,15,15,15,15,15,16,16,15,15,14,16
410512010,"Portland Humboldt School","PAHs","Acenaphthene",7,0.812398809523809,1.05722916666667,0.865436887254902,60,61,63,15,15,15,14,15,16,16,16,15,15,15,17
410512010,"Portland Humboldt School","PAHs","Acenaphthylene",7,NA,NA,NA,60,61,63,15,15,15,14,15,16,16,16,15,15,15,17
410512010,"Portland Humboldt School","PAHs","Anthracene",7,NA,NA,NA,60,61,63,15,15,15,14,15,16,16,16,15,15,15,17
410512010,"Portland Humboldt School","PAHs","Benzo(a)anthracene",7,NA,NA,NA,60,61,63,15,15,15,14,15,16,16,16,15,15,15,17
410512010,"Portland Humboldt School","PAHs","Benzo(a)pyrene",7,NA,NA,NA,60,61,63,15,15,15,14,15,16,16,16,15,15,15,17
410512010,"Portland Humboldt School","PAHs","Benzo(b)fluoranthene",7,NA,NA,NA,60,61,63,15,15,15,14,15,16,16,16,15,15,15,17
410512010,"Portland Humboldt School","PAHs","Benzo(e)pyrene",7,NA,NA,NA,60,61,63,15,15,15,14,15,16,16,16,15,15,15,17
410512010,"Portland Humboldt School","PAHs","Benzo(g,h,i)perylene",7,NA,NA,NA,60,61,63,15,15,15,14,15,16,16,16,15,15,15,17
410512010,"Portland Humboldt School","PAHs","Benzo(k)fluoranthene",7,NA,NA,NA,60,61,63,15,15,15,14,15,16,16,16,15,15,15,17
410512010,"Portland Humboldt School","PAHs","Chrysene",7,NA,NA,NA,60,61,63,15,15,15,14,15,16,16,16,15,15,15,17
410512010,"Portland Humboldt School","PAHs","Coronene",7,NA,NA,NA,60,61,63,15,15,15,14,15,16,16,16,15,15,15,17
410512010,"Portland Humboldt School","PAHs","Dibenzo(a,h)anthracene",7,NA,NA,NA,60,61,63,15,15,15,14,15,16,16,16,15,15,15,17
410512010,"Portland Humboldt School","PAHs","Dibenzofuran",7,NA,NA,NA,60,61,63,15,15,15,14,15,16,16,16,15,15,15,17
410512010,"Portland Humboldt School","PAHs","Dibenzothiophene",7,NA,NA,NA,60,61,63,15,15,15,14,15,16,16,16,15,15,15,17
410512010,"Portland Humboldt School","PAHs","Fluoranthene",7,NA,NA,NA,60,61,63,15,15,15,14,15,16,16,16,15,15,15,17
410512010,"Portland Humboldt School","PAHs","Fluorene",7,NA,NA,NA,60,61,63,15,15,15,14,15,16,16,16,15,15,15,17
410512010,"Portland Humboldt School","PAHs","Indeno(1,2,3-cd)pyrene",7,NA,NA,NA,60,61,63,15,15,15,14,15,16,16,16,15,15,15,17
410512010,"Portland Humboldt School","PAHs","Naphthalene",7,1.04539136904762,1.37001805555556,1.04748088235294,60,61,63,15,15,15,14,15,16,16,16,15,15,15,17
410512010,"Portland Humboldt School","PAHs","Perylene",7,NA,NA,NA,60,61,63,15,15,15,14,15,16,16,16,15,15,15,17
410512010,"Portland Humboldt School","PAHs","Phenanthrene",7,NA,NA,NA,60,61,63,15,15,15,14,15,16,16,16,15,15,15,17
410512010,"Portland Humboldt School","PAHs","Pyrene",7,NA,NA,NA,60,61,63,15,15,15,14,15,16,16,16,15,15,15,17
410512010,"Portland Humboldt School","VOCs","1,1-Dichloroethane",7,NA,NA,NA,59,56,61,15,13,15,15,15,15,15,15,14,14,13,17
410512010,"Portland Humboldt School","VOCs","1,1-Dichloroethylene",7,NA,NA,NA,59,56,61,15,13,15,15,15,15,15,15,14,14,13,17
410512010,"Portland Humboldt School","VOCs","1,1,1-Trichloroethane",7,1.99041326851767e-05,1.09063740740694e-05,1.09063740740694e-05,59,56,61,15,13,15,15,15,15,15,15,14,14,13,17
410512010,"Portland Humboldt School","VOCs","1,1,2-Trichloroethane",7,NA,NA,NA,57,56,61,15,13,15,15,15,15,15,15,14,12,13,17
410512010,"Portland Humboldt School","VOCs","1,1,2,2-Tetrachloroethane",7,NA,NA,NA,59,56,61,15,13,15,15,15,15,15,15,14,14,13,17
410512010,"Portland Humboldt School","VOCs","1,2-Dibromoethane (EDB)",7,NA,NA,NA,58,56,61,15,13,15,15,15,15,15,15,14,13,13,17
410512010,"Portland Humboldt School","VOCs","1,2-Dichlorobenzene",7,NA,NA,NA,59,56,61,15,13,15,15,15,15,15,15,14,14,13,17
410512010,"Portland Humboldt School","VOCs","1,2-Dichloroethane (EDC)",7,NA,NA,NA,59,56,61,15,13,15,15,15,15,15,15,14,14,13,17
410512010,"Portland Humboldt School","VOCs","1,2-Dichloropropane",7,NA,NA,NA,59,56,61,15,13,15,15,15,15,15,15,14,14,13,17
410512010,"Portland Humboldt School","VOCs","1,2-Dimethylbenzene",7,NA,NA,NA,56,56,61,15,13,15,15,15,15,12,15,14,14,13,17
410512010,"Portland Humboldt School","VOCs","1,2,4-Trichlorobenzene",7,NA,NA,NA,47,56,61,8,13,15,12,15,15,15,15,14,12,13,17
410512010,"Portland Humboldt School","VOCs","1,2,4-Trimethylbenzene",7,NA,NA,NA,56,56,61,15,13,15,15,15,15,13,15,14,13,13,17
410512010,"Portland Humboldt School","VOCs","1,3-Butadiene",7,2.09299785584613,2.81344370475641,2.11264868301884,59,56,61,15,13,15,15,15,15,15,15,14,14,13,17
410512010,"Portland Humboldt School","VOCs","1,3-Dichlorobenzene",7,NA,NA,NA,54,56,61,15,13,15,12,15,15,15,15,14,12,13,17
410512010,"Portland Humboldt School","VOCs","1,3,5-Trimethylbenzene",7,NA,NA,NA,55,56,61,15,13,15,15,15,15,12,15,14,13,13,17
410512010,"Portland Humboldt School","VOCs","1,4-Dichlorobenzene",7,1.88836069673729,2.00292175146101,2.00292175146101,53,56,61,15,13,15,12,15,15,15,15,14,11,13,17
410512010,"Portland Humboldt School","VOCs","1,4-Dimethylbenzene + 1,3-Dimethylbenzene",7,NA,NA,NA,57,56,61,15,13,15,15,15,15,13,15,14,14,13,17
410512010,"Portland Humboldt School","VOCs","1,4-Dioxane",7,NA,NA,NA,55,56,61,11,13,15,15,15,15,15,15,14,14,13,17
410512010,"Portland Humboldt School","VOCs","2-Butanone (MEK)",7,NA,NA,NA,59,56,61,15,13,15,15,15,15,15,15,14,14,13,17
410512010,"Portland Humboldt School","VOCs","2-Chloro-1,3-butadiene",7,NA,NA,NA,59,56,61,15,13,15,15,15,15,15,15,14,14,13,17
410512010,"Portland Humboldt School","VOCs","2-Hexanone",7,NA,NA,NA,59,56,61,15,13,15,15,15,15,15,15,14,14,13,17
410512010,"Portland Humboldt School","VOCs","4-Ethyltoluene",7,NA,NA,NA,54,56,61,13,13,15,15,15,15,12,15,14,14,13,17
410512010,"Portland Humboldt School","VOCs","4-Methyl-2-pentanone (MIBK)",7,NA,NA,NA,53,55,61,14,13,15,15,15,15,13,14,14,11,13,17
410512010,"Portland Humboldt School","VOCs","Acetone",7,NA,NA,NA,55,56,61,11,13,15,15,15,15,15,15,14,14,13,17
410512010,"Portland Humboldt School","VOCs","Acetonitrile",7,NA,NA,NA,59,54,60,15,12,14,15,15,15,15,15,14,14,12,17
410512010,"Portland Humboldt School","VOCs","Acrolein",7,0.598108611518175,0.972192167926116,0.663430848109649,58,56,61,15,13,15,15,15,15,15,15,14,13,13,17
410512010,"Portland Humboldt School","VOCs","Acrylonitrile",7,5.09512003117444,6.0803493996724,4.33794249679363,59,56,61,15,13,15,15,15,15,15,15,14,14,13,17
410512010,"Portland Humboldt School","VOCs","Benzene",7,4.16480267182507,8.57590711262971,4.62111271649817,59,56,61,15,13,15,15,15,15,15,15,14,14,13,17
410512010,"Portland Humboldt School","VOCs","Benzyl chloride",7,NA,NA,NA,40,56,61,3,13,15,15,15,15,13,15,14,9,13,17
410512010,"Portland Humboldt School","VOCs","Bromodichloromethane",7,NA,NA,NA,59,56,61,15,13,15,15,15,15,15,15,14,14,13,17
410512010,"Portland Humboldt School","VOCs","Bromoform",7,NA,NA,NA,59,56,61,15,13,15,15,15,15,15,15,14,14,13,17
410512010,"Portland Humboldt School","VOCs","Bromomethane",7,NA,NA,NA,59,56,61,15,13,15,15,15,15,15,15,14,14,13,17
410512010,"Portland Humboldt School","VOCs","Carbon disulfide",7,NA,NA,NA,59,56,61,15,13,15,15,15,15,15,15,14,14,13,17
410512010,"Portland Humboldt School","VOCs","Carbon tetrachloride",7,2.75142732341044,3.35711354953819,3.19405242157048,59,56,61,15,13,15,15,15,15,15,15,14,14,13,17
410512010,"Portland Humboldt School","VOCs","Chlorobenzene",7,NA,NA,NA,59,56,61,15,13,15,15,15,15,15,15,14,14,13,17
410512010,"Portland Humboldt School","VOCs","Chloroethane",7,NA,NA,NA,59,56,61,15,13,15,15,15,15,15,15,14,14,13,17
410512010,"Portland Humboldt School","VOCs","Chloroform",7,0.00044793174017515,0.00043504029257992,0.00039908924256858,59,56,61,15,13,15,15,15,15,15,15,14,14,13,17
410512010,"Portland Humboldt School","VOCs","Chloromethane",7,NA,NA,NA,59,56,61,15,13,15,15,15,15,15,15,14,14,13,17
410512010,"Portland Humboldt School","VOCs","cis-1,2-Dichloroethene",7,NA,NA,NA,59,56,61,15,13,15,15,15,15,15,15,14,14,13,17
410512010,"Portland Humboldt School","VOCs","cis-1,3-Dichloropropene",7,NA,NA,NA,57,56,61,15,13,15,15,15,15,15,15,14,12,13,17
410512010,"Portland Humboldt School","VOCs","Cyclohexane",7,NA,NA,NA,59,56,61,15,13,15,15,15,15,15,15,14,14,13,17
410512010,"Portland Humboldt School","VOCs","Dibromochloromethane",7,NA,NA,NA,59,56,61,15,13,15,15,15,15,15,15,14,14,13,17
410512010,"Portland Humboldt School","VOCs","Dichlorodifluoromethane (Freon 12)",7,NA,NA,NA,59,56,61,15,13,15,15,15,15,15,15,14,14,13,17
410512010,"Portland Humboldt School","VOCs","Dichlorotetrafluoroethane (Freon 114)",7,NA,NA,NA,59,56,61,15,13,15,15,15,15,15,15,14,14,13,17
410512010,"Portland Humboldt School","VOCs","Ethylbenzene",7,0.680115997130987,0.871318446522336,0.598072678761993,57,56,61,15,13,15,15,15,15,14,15,14,13,13,17
410512010,"Portland Humboldt School","VOCs","Hexachloro-1,3-butadiene",7,NA,NA,NA,59,56,61,15,13,15,15,15,15,15,15,14,14,13,17
410512010,"Portland Humboldt School","VOCs","Isopropanol",7,NA,NA,NA,54,56,61,11,13,15,15,15,15,14,15,14,14,13,17
410512010,"Portland Humboldt School","VOCs","Methyl tert-butyl ether (MTBE)",7,NA,NA,NA,58,56,61,15,13,15,15,15,15,14,15,14,14,13,17
410512010,"Portland Humboldt School","VOCs","Methylene chloride",7,0.00505622142389888,0.00600511753552271,0.00553270011355599,59,53,60,15,13,14,15,15,15,15,12,14,14,13,17
410512010,"Portland Humboldt School","VOCs","Methylmethacrylate",7,NA,NA,NA,59,56,61,15,13,15,15,15,15,15,15,14,14,13,17
410512010,"Portland Humboldt School","VOCs","n-Heptane",7,NA,NA,NA,58,56,61,15,13,15,15,15,15,15,15,14,13,13,17
410512010,"Portland Humboldt School","VOCs","n-Hexane",7,0.00048867549342964,0.00061925909821348,0.00057699643400299,59,55,61,15,13,15,15,15,15,15,14,14,14,13,17
410512010,"Portland Humboldt School","VOCs","Styrene",7,0.00017273022482588,0.00013350330141933,0.00013195691390232,59,56,61,15,13,15,15,15,15,15,15,14,14,13,17
410512010,"Portland Humboldt School","VOCs","Tetrachloroethylene",7,0.0290059654494458,0.0201995347683081,0.0234890721818184,59,56,61,15,13,15,15,15,15,15,15,14,14,13,17
410512010,"Portland Humboldt School","VOCs","Tetrahydrofuran",7,NA,NA,NA,59,55,60,15,12,15,15,15,14,15,15,14,14,13,17
410512010,"Portland Humboldt School","VOCs","Toluene",7,0.00023726249111318,0.00033457515082023,0.000242793300733,59,56,61,15,13,15,15,15,15,15,15,14,14,13,17
410512010,"Portland Humboldt School","VOCs","trans-1,2-Dichloroethene",7,NA,NA,NA,59,56,61,15,13,15,15,15,15,15,15,14,14,13,17
410512010,"Portland Humboldt School","VOCs","trans-1,3-Dichloropropene",7,NA,NA,NA,56,56,61,15,13,15,15,15,15,15,15,14,11,13,17
410512010,"Portland Humboldt School","VOCs","Trichloroethylene",7,0.639406566220238,0.492626872524081,0.402796391754436,58,56,61,15,13,15,15,15,15,15,15,14,13,13,17
410512010,"Portland Humboldt School","VOCs","Trichlorofluoromethane (Freon 11)",7,NA,NA,NA,59,56,61,15,13,15,15,15,15,15,15,14,14,13,17
410512010,"Portland Humboldt School","VOCs","Trichlotrifluoroethane (freon 113)",7,NA,NA,NA,59,56,61,15,13,15,15,15,15,15,15,14,14,13,17
410512010,"Portland Humboldt School","VOCs","vinyl chloride",7,0.338488566061564,0.127731534362854,0.127731534362854,59,56,61,15,13,15,15,15,15,15,15,14,14,13,17
410512011,"Portland Cully Helensview","Carbonyls","2-Butanone (MEK)",7,NA,NA,NA,53,60,52,14,14,8,12,15,15,13,16,15,14,15,14
410512011,"Portland Cully Helensview","Carbonyls","2,5-Dimethylbenzaldehyde",7,NA,NA,NA,54,61,54,14,15,10,12,15,15,13,16,15,15,15,14
410512011,"Portland Cully Helensview","Carbonyls","Acetaldehyde",7,1.99877485246235,2.67513842592593,2.17804576719577,54,61,54,14,15,10,12,15,15,13,16,15,15,15,14
410512011,"Portland Cully Helensview","Carbonyls","Acetone",7,NA,NA,NA,54,61,54,14,15,10,12,15,15,13,16,15,15,15,14
410512011,"Portland Cully Helensview","Carbonyls","Benzaldehyde",7,NA,NA,NA,54,61,54,14,15,10,12,15,15,13,16,15,15,15,14
410512011,"Portland Cully Helensview","Carbonyls","Butyraldehyde",7,NA,NA,NA,54,61,54,14,15,10,12,15,15,13,16,15,15,15,14
410512011,"Portland Cully Helensview","Carbonyls","Crotonaldehyde",7,NA,NA,NA,54,61,54,14,15,10,12,15,15,13,16,15,15,15,14
410512011,"Portland Cully Helensview","Carbonyls","Formaldehyde",7,8.06385370879121,8.75321875,8.71507738095238,54,61,54,14,15,10,12,15,15,13,16,15,15,15,14
410512011,"Portland Cully Helensview","Carbonyls","Hexaldehyde",7,NA,NA,NA,54,61,54,14,15,10,12,15,15,13,16,15,15,15,14
410512011,"Portland Cully Helensview","Carbonyls","Isovaleraldehyde",7,NA,NA,NA,51,60,54,14,14,10,12,15,15,13,16,15,12,15,14
410512011,"Portland Cully Helensview","Carbonyls","m-Tolualdehyde",7,NA,NA,NA,54,61,54,14,15,10,12,15,15,13,16,15,15,15,14
410512011,"Portland Cully Helensview","Carbonyls","o-Tolualdehyde",7,NA,NA,NA,54,61,54,14,15,10,12,15,15,13,16,15,15,15,14
410512011,"Portland Cully Helensview","Carbonyls","p-Tolualdehyde",7,NA,NA,NA,54,61,54,14,15,10,12,15,15,13,16,15,15,15,14
410512011,"Portland Cully Helensview","Carbonyls","Propionaldehyde",7,NA,NA,NA,54,61,54,14,15,10,12,15,15,13,16,15,15,15,14
410512011,"Portland Cully Helensview","Carbonyls","Valeraldehyde",7,NA,NA,NA,54,61,54,14,15,10,12,15,15,13,16,15,15,15,14
410512011,"Portland Cully Helensview","Metals","Antimony, Total",7,NA,NA,NA,60,61,59,15,15,14,14,15,15,16,16,15,15,15,15
410512011,"Portland Cully Helensview","Metals","Arsenic, Total",7,5.94888318452381,4.27311458333333,3.6417619047619,60,61,59,15,15,14,14,15,15,16,16,15,15,15,15
410512011,"Portland Cully Helensview","Metals","Beryllium, Total",7,0.01125,0.011875,0.0119166666666667,60,61,59,15,15,14,14,15,15,16,16,15,15,15,15
410512011,"Portland Cully Helensview","Metals","Cadmium, Total",7,0.13819246031746,0.135375868055556,0.106780753968254,60,61,59,15,15,14,14,15,15,16,16,15,15,15,15
410512011,"Portland Cully Helensview","Metals","Chromium, Total",7,NA,NA,NA,60,61,59,15,15,14,14,15,15,16,16,15,15,15,15
410512011,"Portland Cully Helensview","Metals","Cobalt, Total",7,0.00141845238095238,0.00161744791666667,0.0020178869047619,60,61,59,15,15,14,14,15,15,16,16,15,15,15,15
410512011,"Portland Cully Helensview","Metals","Hexavalent Chromium [Cr(VI)]",7,0.246991972870879,0.204791666666667,0.237061584249084,56,60,57,14,15,13,13,15,15,16,15,15,13,15,14
410512011,"Portland Cully Helensview","Metals","Lead, Total",7,0.0264695753968254,0.0156601215277778,0.0154932976190476,60,61,59,15,15,14,14,15,15,16,16,15,15,15,15
410512011,"Portland Cully Helensview","Metals","Manganese, Total",7,0.0575545601851852,0.068484375,0.0767600330687831,60,61,59,15,15,14,14,15,15,16,16,15,15,15,15
410512011,"Portland Cully Helensview","Metals","Nickel, Total",7,0.125713913690476,0.140848697916667,0.129954613095238,60,61,59,15,15,14,14,15,15,16,16,15,15,15,15
410512011,"Portland Cully Helensview","Metals","Selenium, Total",7,NA,NA,NA,60,61,59,15,15,14,14,15,15,16,16,15,15,15,15
410512011,"Portland Cully Helensview","PAHs","Acenaphthene",7,1.45490384615385,2.20384523809524,1.54285416666667,58,59,57,13,15,12,15,15,15,15,15,15,15,14,15
410512011,"Portland Cully Helensview","PAHs","Acenaphthylene",7,NA,NA,NA,58,59,57,13,15,12,15,15,15,15,15,15,15,14,15
410512011,"Portland Cully Helensview","PAHs","Anthracene",7,NA,NA,NA,58,59,57,13,15,12,15,15,15,15,15,15,15,14,15
410512011,"Portland Cully Helensview","PAHs","Benzo(a)anthracene",7,NA,NA,NA,58,59,57,13,15,12,15,15,15,15,15,15,15,14,15
410512011,"Portland Cully Helensview","PAHs","Benzo(a)pyrene",7,NA,NA,NA,58,59,57,13,15,12,15,15,15,15,15,15,15,14,15
410512011,"Portland Cully Helensview","PAHs","Benzo(b)fluoranthene",7,NA,NA,NA,58,59,57,13,15,12,15,15,15,15,15,15,15,14,15
410512011,"Portland Cully Helensview","PAHs","Benzo(e)pyrene",7,NA,NA,NA,58,59,57,13,15,12,15,15,15,15,15,15,15,14,15
410512011,"Portland Cully Helensview","PAHs","Benzo(g,h,i)perylene",7,NA,NA,NA,58,59,57,13,15,12,15,15,15,15,15,15,15,14,15
410512011,"Portland Cully Helensview","PAHs","Benzo(k)fluoranthene",7,NA,NA,NA,58,59,57,13,15,12,15,15,15,15,15,15,15,14,15
410512011,"Portland Cully Helensview","PAHs","Chrysene",7,NA,NA,NA,58,59,57,13,15,12,15,15,15,15,15,15,15,14,15
410512011,"Portland Cully Helensview","PAHs","Coronene",7,NA,NA,NA,58,59,57,13,15,12,15,15,15,15,15,15,15,14,15
410512011,"Portland Cully Helensview","PAHs","Dibenzo(a,h)anthracene",7,NA,NA,NA,58,59,57,13,15,12,15,15,15,15,15,15,15,14,15
410512011,"Portland Cully Helensview","PAHs","Dibenzofuran",7,NA,NA,NA,58,59,57,13,15,12,15,15,15,15,15,15,15,14,15
410512011,"Portland Cully Helensview","PAHs","Dibenzothiophene",7,NA,NA,NA,58,59,57,13,15,12,15,15,15,15,15,15,15,14,15
410512011,"Portland Cully Helensview","PAHs","Fluoranthene",7,NA,NA,NA,58,59,57,13,15,12,15,15,15,15,15,15,15,14,15
410512011,"Portland Cully Helensview","PAHs","Fluorene",7,NA,NA,NA,58,59,57,13,15,12,15,15,15,15,15,15,15,14,15
410512011,"Portland Cully Helensview","PAHs","Indeno(1,2,3-cd)pyrene",7,NA,NA,NA,58,59,57,13,15,12,15,15,15,15,15,15,15,14,15
410512011,"Portland Cully Helensview","PAHs","Naphthalene",7,1.06678888888889,1.45325396825397,1.167075,58,59,57,13,15,12,15,15,15,15,15,15,15,14,15
410512011,"Portland Cully Helensview","PAHs","Perylene",7,NA,NA,NA,58,59,57,13,15,12,15,15,15,15,15,15,15,14,15
410512011,"Portland Cully Helensview","PAHs","Phenanthrene",7,NA,NA,NA,58,59,57,13,15,12,15,15,15,15,15,15,15,14,15
410512011,"Portland Cully Helensview","PAHs","Pyrene",7,NA,NA,NA,58,59,57,13,15,12,15,15,15,15,15,15,15,14,15
410512011,"Portland Cully Helensview","VOCs","1,1-Dichloroethane",7,NA,NA,NA,56,59,36,15,14,10,15,15,13,13,16,5,13,14,8
410512011,"Portland Cully Helensview","VOCs","1,1-Dichloroethylene",7,NA,NA,NA,56,59,36,15,14,10,15,15,13,13,16,5,13,14,8
410512011,"Portland Cully Helensview","VOCs","1,1,1-Trichloroethane",7,1.96146942962879e-05,1.09063740740694e-05,1.09063740740694e-05,56,59,36,15,14,10,15,15,13,13,16,5,13,14,8
410512011,"Portland Cully Helensview","VOCs","1,1,2-Trichloroethane",7,NA,NA,NA,54,59,36,15,14,10,15,15,13,12,16,5,12,14,8
410512011,"Portland Cully Helensview","VOCs","1,1,2,2-Tetrachloroethane",7,NA,NA,NA,56,59,36,15,14,10,15,15,13,13,16,5,13,14,8
410512011,"Portland Cully Helensview","VOCs","1,2-Dibromoethane (EDB)",7,NA,NA,NA,54,59,36,15,14,10,15,15,13,12,16,5,12,14,8
410512011,"Portland Cully Helensview","VOCs","1,2-Dichlorobenzene",7,NA,NA,NA,55,59,36,15,14,10,15,15,13,12,16,5,13,14,8
410512011,"Portland Cully Helensview","VOCs","1,2-Dichloroethane (EDC)",7,NA,NA,NA,56,59,36,15,14,10,15,15,13,13,16,5,13,14,8
410512011,"Portland Cully Helensview","VOCs","1,2-Dichloropropane",7,NA,NA,NA,56,59,36,15,14,10,15,15,13,13,16,5,13,14,8
410512011,"Portland Cully Helensview","VOCs","1,2-Dimethylbenzene",7,NA,NA,NA,53,59,36,15,14,10,15,15,13,10,16,5,13,14,8
410512011,"Portland Cully Helensview","VOCs","1,2,4-Trichlorobenzene",7,NA,NA,NA,45,59,36,8,14,10,13,15,13,13,16,5,11,14,8
410512011,"Portland Cully Helensview","VOCs","1,2,4-Trimethylbenzene",7,NA,NA,NA,52,59,36,15,14,10,15,15,13,10,16,5,12,14,8
410512011,"Portland Cully Helensview","VOCs","1,3-Butadiene",7,2.00665471252177,3.40048762226129,2.54315266850298,56,59,36,15,14,10,15,15,13,13,16,5,13,14,8
410512011,"Portland Cully Helensview","VOCs","1,3-Dichlorobenzene",7,NA,NA,NA,52,59,36,15,14,10,13,15,13,13,16,5,11,14,8
410512011,"Portland Cully Helensview","VOCs","1,3,5-Trimethylbenzene",7,NA,NA,NA,51,59,36,15,14,10,15,15,13,9,16,5,12,14,8
410512011,"Portland Cully Helensview","VOCs","1,4-Dichlorobenzene",7,2.05970971881173,2.00292175146101,2.00292175146101,53,59,36,15,14,10,15,15,13,13,16,5,10,14,8
410512011,"Portland Cully Helensview","VOCs","1,4-Dimethylbenzene + 1,3-Dimethylbenzene",7,NA,NA,NA,55,59,36,15,14,10,15,15,13,12,16,5,13,14,8
410512011,"Portland Cully Helensview","VOCs","1,4-Dioxane",7,NA,NA,NA,52,59,36,11,14,10,15,15,13,13,16,5,13,14,8
410512011,"Portland Cully Helensview","VOCs","2-Butanone (MEK)",7,NA,NA,NA,53,58,36,12,13,10,15,15,13,13,16,5,13,14,8
410512011,"Portland Cully Helensview","VOCs","2-Chloro-1,3-butadiene",7,NA,NA,NA,56,59,36,15,14,10,15,15,13,13,16,5,13,14,8
410512011,"Portland Cully Helensview","VOCs","2-Hexanone",7,NA,NA,NA,56,59,36,15,14,10,15,15,13,13,16,5,13,14,8
410512011,"Portland Cully Helensview","VOCs","4-Ethyltoluene",7,NA,NA,NA,51,59,36,13,14,10,15,15,13,10,16,5,13,14,8
410512011,"Portland Cully Helensview","VOCs","4-Methyl-2-pentanone (MIBK)",7,NA,NA,NA,49,58,36,14,14,10,15,15,13,10,15,5,10,14,8
410512011,"Portland Cully Helensview","VOCs","Acetone",7,NA,NA,NA,52,59,36,11,14,10,15,15,13,13,16,5,13,14,8
410512011,"Portland Cully Helensview","VOCs","Acetonitrile",7,NA,NA,NA,56,59,34,15,14,10,15,15,11,13,16,5,13,14,8
410512011,"Portland Cully Helensview","VOCs","Acrolein",7,0.584794472343453,1.04653513850339,0.698579315485301,55,59,36,15,14,10,15,15,13,13,16,5,12,14,8
410512011,"Portland Cully Helensview","VOCs","Acrylonitrile",7,5.17925307525832,5.94433682763752,4.33794249679363,56,59,36,15,14,10,15,15,13,13,16,5,13,14,8
410512011,"Portland Cully Helensview","VOCs","Benzene",7,4.00134983250395,8.63678444406846,5.11091869129487,56,59,36,15,14,10,15,15,13,13,16,5,13,14,8
410512011,"Portland Cully Helensview","VOCs","Benzyl chloride",7,NA,NA,NA,38,59,36,3,14,10,15,15,13,12,16,5,8,14,8
410512011,"Portland Cully Helensview","VOCs","Bromodichloromethane",7,NA,NA,NA,56,59,36,15,14,10,15,15,13,13,16,5,13,14,8
410512011,"Portland Cully Helensview","VOCs","Bromoform",7,NA,NA,NA,56,59,36,15,14,10,15,15,13,13,16,5,13,14,8
410512011,"Portland Cully Helensview","VOCs","Bromomethane",7,NA,NA,NA,56,59,36,15,14,10,15,15,13,13,16,5,13,14,8
410512011,"Portland Cully Helensview","VOCs","Carbon disulfide",7,NA,NA,NA,56,59,36,15,14,10,15,15,13,13,16,5,13,14,8
410512011,"Portland Cully Helensview","VOCs","Carbon tetrachloride",7,2.70716410742434,3.39790297594304,3.09239964221655,56,59,36,15,14,10,15,15,13,13,16,5,13,14,8
410512011,"Portland Cully Helensview","VOCs","Chlorobenzene",7,NA,NA,NA,56,59,36,15,14,10,15,15,13,13,16,5,13,14,8
410512011,"Portland Cully Helensview","VOCs","Chloroethane",7,NA,NA,NA,56,59,36,15,14,10,15,15,13,13,16,5,13,14,8
410512011,"Portland Cully Helensview","VOCs","Chloroform",7,0.00042500353195434,0.00043959025249887,0.0003919748111631,56,59,36,15,14,10,15,15,13,13,16,5,13,14,8
410512011,"Portland Cully Helensview","VOCs","Chloromethane",7,NA,NA,NA,56,59,36,15,14,10,15,15,13,13,16,5,13,14,8
410512011,"Portland Cully Helensview","VOCs","cis-1,2-Dichloroethene",7,NA,NA,NA,56,59,36,15,14,10,15,15,13,13,16,5,13,14,8
410512011,"Portland Cully Helensview","VOCs","cis-1,3-Dichloropropene",7,NA,NA,NA,54,59,36,15,14,10,15,15,13,13,16,5,11,14,8
410512011,"Portland Cully Helensview","VOCs","Cyclohexane",7,NA,NA,NA,56,59,36,15,14,10,15,15,13,13,16,5,13,14,8
410512011,"Portland Cully Helensview","VOCs","Dibromochloromethane",7,NA,NA,NA,56,59,36,15,14,10,15,15,13,13,16,5,13,14,8
410512011,"Portland Cully Helensview","VOCs","Dichlorodifluoromethane (Freon 12)",7,NA,NA,NA,56,59,36,15,14,10,15,15,13,13,16,5,13,14,8
410512011,"Portland Cully Helensview","VOCs","Dichlorotetrafluoroethane (Freon 114)",7,NA,NA,NA,56,59,36,15,14,10,15,15,13,13,16,5,13,14,8
410512011,"Portland Cully Helensview","VOCs","Ethylbenzene",7,1.77703872903764,1.03885084041928,0.761922374561808,55,59,36,15,14,10,15,15,13,12,16,5,13,14,8
410512011,"Portland Cully Helensview","VOCs","Hexachloro-1,3-butadiene",7,NA,NA,NA,56,59,36,15,14,10,15,15,13,13,16,5,13,14,8
410512011,"Portland Cully Helensview","VOCs","Isopropanol",7,NA,NA,NA,52,59,36,11,14,10,15,15,13,13,16,5,13,14,8
410512011,"Portland Cully Helensview","VOCs","Methyl tert-butyl ether (MTBE)",7,NA,NA,NA,55,59,36,15,14,10,15,15,13,12,16,5,13,14,8
410512011,"Portland Cully Helensview","VOCs","Methylene chloride",7,0.00449713078581138,0.00539000332072608,0.00562605567374489,56,56,36,15,14,10,15,15,13,13,13,5,13,14,8
410512011,"Portland Cully Helensview","VOCs","Methylmethacrylate",7,NA,NA,NA,56,59,36,15,14,10,15,15,13,13,16,5,13,14,8
410512011,"Portland Cully Helensview","VOCs","n-Heptane",7,NA,NA,NA,56,59,36,15,14,10,15,15,13,13,16,5,13,14,8
410512011,"Portland Cully Helensview","VOCs","n-Hexane",7,0.00045369884898117,0.00065737049757686,0.0006414762237803,56,58,36,15,14,10,15,15,13,13,15,5,13,14,8
410512011,"Portland Cully Helensview","VOCs","Styrene",7,0.00017992176702351,0.00017990514475199,0.0001373470372393,56,59,36,15,14,10,15,15,13,13,16,5,13,14,8
410512011,"Portland Cully Helensview","VOCs","Tetrachloroethylene",7,0.0365816212134185,0.0331764013658698,0.0258009755169701,55,59,36,15,14,10,15,15,13,13,16,5,12,14,8
410512011,"Portland Cully Helensview","VOCs","Tetrahydrofuran",7,NA,NA,NA,56,58,36,15,13,10,15,15,13,13,16,5,13,14,8
410512011,"Portland Cully Helensview","VOCs","Toluene",7,0.00027778421159742,0.00044956916606961,0.00034579673209888,56,59,36,15,14,10,15,15,13,13,16,5,13,14,8
410512011,"Portland Cully Helensview","VOCs","trans-1,2-Dichloroethene",7,NA,NA,NA,56,59,36,15,14,10,15,15,13,13,16,5,13,14,8
410512011,"Portland Cully Helensview","VOCs","trans-1,3-Dichloropropene",7,NA,NA,NA,53,59,36,15,14,10,15,15,13,13,16,5,10,14,8
410512011,"Portland Cully Helensview","VOCs","Trichloroethylene",7,0.519998952966317,0.402796391754436,0.402796391754436,54,59,36,15,14,10,15,15,13,12,16,5,12,14,8
410512011,"Portland Cully Helensview","VOCs","Trichlorofluoromethane (Freon 11)",7,NA,NA,NA,56,59,36,15,14,10,15,15,13,13,16,5,13,14,8
410512011,"Portland Cully Helensview","VOCs","Trichlotrifluoroethane (freon 113)",7,NA,NA,NA,56,59,36,15,14,10,15,15,13,13,16,5,13,14,8
410512011,"Portland Cully Helensview","VOCs","vinyl chloride",7,0.326697962889608,0.130882245543805,0.127731534362854,56,59,36,15,14,10,15,15,13,13,16,5,13,14,8
410610123,"La Grande Hall and N","Carbonyls","2-Butanone (MEK)",7,NA,NA,NA,46,60,57,15,15,14,7,15,15,10,15,14,14,15,14
410610123,"La Grande Hall and N","Carbonyls","2,5-Dimethylbenzaldehyde",7,NA,NA,NA,47,60,57,15,15,14,7,15,15,10,15,14,15,15,14
410610123,"La Grande Hall and N","Carbonyls","Acetaldehyde",7,2.98387142857143,4.09522222222222,3.44754761904762,47,60,57,15,15,14,7,15,15,10,15,14,15,15,14
410610123,"La Grande Hall and N","Carbonyls","Acetone",7,NA,NA,NA,47,60,57,15,15,14,7,15,15,10,15,14,15,15,14
410610123,"La Grande Hall and N","Carbonyls","Benzaldehyde",7,NA,NA,NA,47,60,57,15,15,14,7,15,15,10,15,14,15,15,14
410610123,"La Grande Hall and N","Carbonyls","Butyraldehyde",7,NA,NA,NA,47,60,57,15,15,14,7,15,15,10,15,14,15,15,14
410610123,"La Grande Hall and N","Carbonyls","Crotonaldehyde",7,NA,NA,NA,47,60,57,15,15,14,7,15,15,10,15,14,15,15,14
410610123,"La Grande Hall and N","Carbonyls","Formaldehyde",7,11.4418571428571,12.1751666666667,12.64725,47,60,57,15,15,14,7,15,15,10,15,14,15,15,14
410610123,"La Grande Hall and N","Carbonyls","Hexaldehyde",7,NA,NA,NA,47,60,57,15,15,14,7,15,15,10,15,14,15,15,14
410610123,"La Grande Hall and N","Carbonyls","Isovaleraldehyde",7,NA,NA,NA,46,60,57,15,15,14,7,15,15,10,15,14,14,15,14
410610123,"La Grande Hall and N","Carbonyls","m-Tolualdehyde",7,NA,NA,NA,47,60,57,15,15,14,7,15,15,10,15,14,15,15,14
410610123,"La Grande Hall and N","Carbonyls","o-Tolualdehyde",7,NA,NA,NA,47,60,57,15,15,14,7,15,15,10,15,14,15,15,14
410610123,"La Grande Hall and N","Carbonyls","p-Tolualdehyde",7,NA,NA,NA,47,60,57,15,15,14,7,15,15,10,15,14,15,15,14
410610123,"La Grande Hall and N","Carbonyls","Propionaldehyde",7,NA,NA,NA,47,60,57,15,15,14,7,15,15,10,15,14,15,15,14
410610123,"La Grande Hall and N","Carbonyls","Valeraldehyde",7,NA,NA,NA,47,60,57,15,15,14,7,15,15,10,15,14,15,15,14
410610123,"La Grande Hall and N","Metals","Antimony, Total",7,NA,NA,NA,61,61,58,15,15,14,15,15,15,16,16,15,15,15,14
410610123,"La Grande Hall and N","Metals","Arsenic, Total",7,1.15947916666667,0.871630208333333,1.05996428571429,61,61,58,15,15,14,15,15,15,16,16,15,15,15,14
410610123,"La Grande Hall and N","Metals","Beryllium, Total",7,0.0137552083333333,0.0160104166666667,0.0148497023809524,61,61,58,15,15,14,15,15,15,16,16,15,15,15,14
410610123,"La Grande Hall and N","Metals","Cadmium, Total",7,0.0892638888888889,0.100795138888889,0.100540674603175,61,61,58,15,15,14,15,15,15,16,16,15,15,15,14
410610123,"La Grande Hall and N","Metals","Chromium, Total",7,NA,NA,NA,61,61,58,15,15,14,15,15,15,16,16,15,15,15,14
410610123,"La Grande Hall and N","Metals","Cobalt, Total",7,0.00099836458333333,0.00111365625,0.0010320119047619,61,61,58,15,15,14,15,15,15,16,16,15,15,15,14
410610123,"La Grande Hall and N","Metals","Lead, Total",7,0.00803130902777778,0.00503011773989899,0.00491115079365079,61,57,58,15,15,14,15,15,15,16,16,15,15,11,14
410610123,"La Grande Hall and N","Metals","Manganese, Total",7,0.0549436342592593,0.0732089351851852,0.0681017857142857,61,61,58,15,15,14,15,15,15,16,16,15,15,15,14
410610123,"La Grande Hall and N","Metals","Nickel, Total",7,0.110625,0.115458333333333,0.110625,61,61,58,15,15,14,15,15,15,16,16,15,15,15,14
410610123,"La Grande Hall and N","Metals","Selenium, Total",7,NA,NA,NA,61,61,58,15,15,14,15,15,15,16,16,15,15,15,14
410610123,"La Grande Hall and N","PAHs","Acenaphthene",7,1.38263392857143,1.244609375,1.25395833333333,49,61,59,14,15,15,14,15,15,7,16,15,14,15,14
410610123,"La Grande Hall and N","PAHs","Acenaphthylene",7,NA,NA,NA,49,61,59,14,15,15,14,15,15,7,16,15,14,15,14
410610123,"La Grande Hall and N","PAHs","Anthracene",7,NA,NA,NA,49,61,59,14,15,15,14,15,15,7,16,15,14,15,14
410610123,"La Grande Hall and N","PAHs","Benzo(a)anthracene",7,NA,NA,NA,49,61,59,14,15,15,14,15,15,7,16,15,14,15,14
410610123,"La Grande Hall and N","PAHs","Benzo(a)pyrene",7,NA,NA,NA,49,61,59,14,15,15,14,15,15,7,16,15,14,15,14
410610123,"La Grande Hall and N","PAHs","Benzo(b)fluoranthene",7,NA,NA,NA,49,61,59,14,15,15,14,15,15,7,16,15,14,15,14
410610123,"La Grande Hall and N","PAHs","Benzo(e)pyrene",7,NA,NA,NA,49,61,59,14,15,15,14,15,15,7,16,15,14,15,14
410610123,"La Grande Hall and N","PAHs","Benzo(g,h,i)perylene",7,NA,NA,NA,49,61,59,14,15,15,14,15,15,7,16,15,14,15,14
410610123,"La Grande Hall and N","PAHs","Benzo(k)fluoranthene",7,NA,NA,NA,49,61,59,14,15,15,14,15,15,7,16,15,14,15,14
410610123,"La Grande Hall and N","PAHs","Chrysene",7,NA,NA,NA,49,61,59,14,15,15,14,15,15,7,16,15,14,15,14
410610123,"La Grande Hall and N","PAHs","Coronene",7,NA,NA,NA,49,61,59,14,15,15,14,15,15,7,16,15,14,15,14
410610123,"La Grande Hall and N","PAHs","Dibenzo(a,h)anthracene",7,NA,NA,NA,49,61,59,14,15,15,14,15,15,7,16,15,14,15,14
410610123,"La Grande Hall and N","PAHs","Dibenzofuran",7,NA,NA,NA,49,61,59,14,15,15,14,15,15,7,16,15,14,15,14
410610123,"La Grande Hall and N","PAHs","Dibenzothiophene",7,NA,NA,NA,49,61,59,14,15,15,14,15,15,7,16,15,14,15,14
410610123,"La Grande Hall and N","PAHs","Fluoranthene",7,NA,NA,NA,49,61,59,14,15,15,14,15,15,7,16,15,14,15,14
410610123,"La Grande Hall and N","PAHs","Fluorene",7,NA,NA,NA,49,61,59,14,15,15,14,15,15,7,16,15,14,15,14
410610123,"La Grande Hall and N","PAHs","Indeno(1,2,3-cd)pyrene",7,NA,NA,NA,49,61,59,14,15,15,14,15,15,7,16,15,14,15,14
410610123,"La Grande Hall and N","PAHs","Naphthalene",7,0.910166666666667,0.980294097222222,0.844836904761905,49,61,59,14,15,15,14,15,15,7,16,15,14,15,14
410610123,"La Grande Hall and N","PAHs","Perylene",7,NA,NA,NA,49,61,59,14,15,15,14,15,15,7,16,15,14,15,14
410610123,"La Grande Hall and N","PAHs","Phenanthrene",7,NA,NA,NA,49,61,59,14,15,15,14,15,15,7,16,15,14,15,14
410610123,"La Grande Hall and N","PAHs","Pyrene",7,NA,NA,NA,49,61,59,14,15,15,14,15,15,7,16,15,14,15,14
410610123,"La Grande Hall and N","VOCs","1,1-Dichloroethane",7,NA,NA,NA,41,58,54,14,14,14,5,13,15,9,16,12,13,15,13
410610123,"La Grande Hall and N","VOCs","1,1-Dichloroethylene",7,NA,NA,NA,41,58,54,14,14,14,5,13,15,9,16,12,13,15,13
410610123,"La Grande Hall and N","VOCs","1,1,1-Trichloroethane",7,1.90861546296215e-05,1.09063740740694e-05,1.09063740740694e-05,41,58,54,14,14,14,5,13,15,9,16,12,13,15,13
410610123,"La Grande Hall and N","VOCs","1,1,2-Trichloroethane",7,NA,NA,NA,37,58,54,14,14,14,5,13,15,8,16,12,10,15,13
410610123,"La Grande Hall and N","VOCs","1,1,2,2-Tetrachloroethane",7,NA,NA,NA,41,58,54,14,14,14,5,13,15,9,16,12,13,15,13
410610123,"La Grande Hall and N","VOCs","1,2-Dibromoethane (EDB)",7,NA,NA,NA,39,58,54,14,14,14,5,13,15,8,16,12,12,15,13
410610123,"La Grande Hall and N","VOCs","1,2-Dichlorobenzene",7,NA,NA,NA,41,58,54,14,14,14,5,13,15,9,16,12,13,15,13
410610123,"La Grande Hall and N","VOCs","1,2-Dichloroethane (EDC)",7,NA,NA,NA,41,58,54,14,14,14,5,13,15,9,16,12,13,15,13
410610123,"La Grande Hall and N","VOCs","1,2-Dichloropropane",7,NA,NA,NA,41,58,54,14,14,14,5,13,15,9,16,12,13,15,13
410610123,"La Grande Hall and N","VOCs","1,2-Dimethylbenzene",7,NA,NA,NA,38,58,54,14,14,14,5,13,15,6,16,12,13,15,13
410610123,"La Grande Hall and N","VOCs","1,2,4-Trichlorobenzene",7,NA,NA,NA,34,58,54,8,14,14,5,13,15,9,16,12,12,15,13
410610123,"La Grande Hall and N","VOCs","1,2,4-Trimethylbenzene",7,NA,NA,NA,36,58,53,14,14,13,5,13,15,5,16,12,12,15,13
410610123,"La Grande Hall and N","VOCs","1,3-Butadiene",7,2.04055662534234,1.89294253871243,1.62598960885419,41,58,54,14,14,14,5,13,15,9,16,12,13,15,13
410610123,"La Grande Hall and N","VOCs","1,3-Dichlorobenzene",7,NA,NA,NA,40,58,54,14,14,14,5,13,15,9,16,12,12,15,13
410610123,"La Grande Hall and N","VOCs","1,3,5-Trimethylbenzene",7,NA,NA,NA,36,58,54,14,14,14,5,13,15,5,16,12,12,15,13
410610123,"La Grande Hall and N","VOCs","1,4-Dichlorobenzene",7,1.75255653252838,2.00292175146101,2.00292175146101,38,58,54,14,14,14,5,13,15,8,16,12,11,15,13
410610123,"La Grande Hall and N","VOCs","1,4-Dimethylbenzene + 1,3-Dimethylbenzene",7,NA,NA,NA,39,58,54,14,14,14,5,13,15,7,16,12,13,15,13
410610123,"La Grande Hall and N","VOCs","1,4-Dioxane",7,NA,NA,NA,38,58,54,11,14,14,5,13,15,9,16,12,13,15,13
410610123,"La Grande Hall and N","VOCs","2-Butanone (MEK)",7,NA,NA,NA,37,58,54,10,14,14,5,13,15,9,16,12,13,15,13
410610123,"La Grande Hall and N","VOCs","2-Chloro-1,3-butadiene",7,NA,NA,NA,41,58,54,14,14,14,5,13,15,9,16,12,13,15,13
410610123,"La Grande Hall and N","VOCs","2-Hexanone",7,NA,NA,NA,41,58,54,14,14,14,5,13,15,9,16,12,13,15,13
410610123,"La Grande Hall and N","VOCs","4-Ethyltoluene",7,NA,NA,NA,36,58,54,12,14,14,5,13,15,6,16,12,13,15,13
410610123,"La Grande Hall and N","VOCs","4-Methyl-2-pentanone (MIBK)",7,NA,NA,NA,34,58,54,13,14,14,5,13,15,6,16,12,10,15,13
410610123,"La Grande Hall and N","VOCs","Acetone",7,NA,NA,NA,37,58,54,10,14,14,5,13,15,9,16,12,13,15,13
410610123,"La Grande Hall and N","VOCs","Acetonitrile",7,NA,NA,NA,41,57,53,14,14,13,5,13,15,9,16,12,13,14,13
410610123,"La Grande Hall and N","VOCs","Acrolein",7,0.793980574609539,1.10364964476636,0.925784201880345,40,58,54,14,14,14,5,13,15,9,16,12,12,15,13
410610123,"La Grande Hall and N","VOCs","Acrylonitrile",7,5.48976156908787,5.60407946304527,4.33794249679363,41,58,54,14,14,14,5,13,15,9,16,12,13,15,13
410610123,"La Grande Hall and N","VOCs","Benzene",7,3.89889217580148,6.57719366508524,4.31286434946695,41,58,54,14,14,14,5,13,15,9,16,12,13,15,13
410610123,"La Grande Hall and N","VOCs","Benzyl chloride",7,NA,NA,NA,24,58,54,3,14,14,5,13,15,7,16,12,9,15,13
410610123,"La Grande Hall and N","VOCs","Bromodichloromethane",7,NA,NA,NA,41,58,54,14,14,14,5,13,15,9,16,12,13,15,13
410610123,"La Grande Hall and N","VOCs","Bromoform",7,NA,NA,NA,41,58,54,14,14,14,5,13,15,9,16,12,13,15,13
410610123,"La Grande Hall and N","VOCs","Bromomethane",7,NA,NA,NA,41,58,54,14,14,14,5,13,15,9,16,12,13,15,13
410610123,"La Grande Hall and N","VOCs","Carbon disulfide",7,NA,NA,NA,41,58,54,14,14,14,5,13,15,9,16,12,13,15,13
410610123,"La Grande Hall and N","VOCs","Carbon tetrachloride",7,2.72870573880596,3.46355793009882,3.12348986464495,41,58,54,14,14,14,5,13,15,9,16,12,13,15,13
410610123,"La Grande Hall and N","VOCs","Chlorobenzene",7,NA,NA,NA,41,58,54,14,14,14,5,13,15,9,16,12,13,15,13
410610123,"La Grande Hall and N","VOCs","Chloroethane",7,NA,NA,NA,41,58,54,14,14,14,5,13,15,9,16,12,13,15,13
410610123,"La Grande Hall and N","VOCs","Chloroform",7,0.00040138006011693,0.00034721556494754,0.00031523906777172,41,58,54,14,14,14,5,13,15,9,16,12,13,15,13
410610123,"La Grande Hall and N","VOCs","Chloromethane",7,NA,NA,NA,41,58,54,14,14,14,5,13,15,9,16,12,13,15,13
410610123,"La Grande Hall and N","VOCs","cis-1,2-Dichloroethene",7,NA,NA,NA,41,58,54,14,14,14,5,13,15,9,16,12,13,15,13
410610123,"La Grande Hall and N","VOCs","cis-1,3-Dichloropropene",7,NA,NA,NA,38,58,54,14,14,14,5,13,15,9,16,12,10,15,13
410610123,"La Grande Hall and N","VOCs","Cyclohexane",7,NA,NA,NA,41,58,54,14,14,14,5,13,15,9,16,12,13,15,13
410610123,"La Grande Hall and N","VOCs","Dibromochloromethane",7,NA,NA,NA,41,58,54,14,14,14,5,13,15,9,16,12,13,15,13
410610123,"La Grande Hall and N","VOCs","Dichlorodifluoromethane (Freon 12)",7,NA,NA,NA,41,58,54,14,14,14,5,13,15,9,16,12,13,15,13
410610123,"La Grande Hall and N","VOCs","Dichlorotetrafluoroethane (Freon 114)",7,NA,NA,NA,41,58,54,14,14,14,5,13,15,9,16,12,13,15,13
410610123,"La Grande Hall and N","VOCs","Ethylbenzene",7,0.542499910091227,0.605585665364224,0.439358286119617,38,58,54,14,14,14,5,13,15,7,16,12,12,15,13
410610123,"La Grande Hall and N","VOCs","Hexachloro-1,3-butadiene",7,NA,NA,NA,41,58,54,14,14,14,5,13,15,9,16,12,13,15,13
410610123,"La Grande Hall and N","VOCs","Isopropanol",7,NA,NA,NA,38,58,54,11,14,14,5,13,15,9,16,12,13,15,13
410610123,"La Grande Hall and N","VOCs","Methyl tert-butyl ether (MTBE)",7,NA,NA,NA,41,58,54,14,14,14,5,13,15,9,16,12,13,15,13
410610123,"La Grande Hall and N","VOCs","Methylene chloride",7,0.0155353976106128,0.497154587704073,0.00458795839994948,41,56,53,14,14,13,5,13,15,9,14,12,13,15,13
410610123,"La Grande Hall and N","VOCs","Methylmethacrylate",7,NA,NA,NA,41,58,54,14,14,14,5,13,15,9,16,12,13,15,13
410610123,"La Grande Hall and N","VOCs","n-Heptane",7,NA,NA,NA,40,58,54,14,14,14,5,13,15,8,16,12,13,15,13
410610123,"La Grande Hall and N","VOCs","n-Hexane",7,0.00155087594192697,0.0590904078121588,0.0170522554326922,41,58,54,14,14,14,5,13,15,9,16,12,13,15,13
410610123,"La Grande Hall and N","VOCs","Styrene",7,0.00015086063697517,0.00013163779134285,0.0001097818434036,41,58,54,14,14,14,5,13,15,9,16,12,13,15,13
410610123,"La Grande Hall and N","VOCs","Tetrachloroethylene",7,0.0459258842432021,0.0345882683282328,0.015963637094873,39,58,54,14,14,14,5,13,15,9,16,12,11,15,13
410610123,"La Grande Hall and N","VOCs","Tetrahydrofuran",7,NA,NA,NA,41,58,54,14,14,14,5,13,15,9,16,12,13,15,13
410610123,"La Grande Hall and N","VOCs","Toluene",7,0.00020561665246155,0.00027734210898843,0.00021737219352501,41,58,54,14,14,14,5,13,15,9,16,12,13,15,13
410610123,"La Grande Hall and N","VOCs","trans-1,2-Dichloroethene",7,NA,NA,NA,41,58,54,14,14,14,5,13,15,9,16,12,13,15,13
410610123,"La Grande Hall and N","VOCs","trans-1,3-Dichloropropene",7,NA,NA,NA,37,58,54,14,14,14,5,13,15,8,16,12,10,15,13
410610123,"La Grande Hall and N","VOCs","Trichloroethylene",7,0.399160035439986,0.402796391754436,0.402796391754436,39,58,54,14,14,14,5,13,15,8,16,12,12,15,13
410610123,"La Grande Hall and N","VOCs","Trichlorofluoromethane (Freon 11)",7,NA,NA,NA,41,58,54,14,14,14,5,13,15,9,16,12,13,15,13
410610123,"La Grande Hall and N","VOCs","Trichlotrifluoroethane (freon 113)",7,NA,NA,NA,41,58,54,14,14,14,5,13,15,9,16,12,13,15,13
410610123,"La Grande Hall and N","VOCs","vinyl chloride",7,0.319328835907136,0.127731534362854,0.127731534362854,41,58,54,14,14,14,5,13,15,9,16,12,13,15,13
410670004,"Hillsboro Hare Field","Carbonyls","2-Butanone (MEK)",7,NA,NA,NA,29,49,59,7,8,15,12,13,15,5,13,15,5,15,14
410670004,"Hillsboro Hare Field","Carbonyls","2,5-Dimethylbenzaldehyde",7,NA,NA,NA,29,50,59,7,9,15,12,13,15,5,13,15,5,15,14
410670004,"Hillsboro Hare Field","Carbonyls","Acetaldehyde",7,1.62909259259259,2.01983727445394,2.04225661375661,29,50,59,7,9,15,12,13,15,5,13,15,5,15,14
410670004,"Hillsboro Hare Field","Carbonyls","Acetone",7,NA,NA,NA,29,50,59,7,9,15,12,13,15,5,13,15,5,15,14
410670004,"Hillsboro Hare Field","Carbonyls","Benzaldehyde",7,NA,NA,NA,29,50,59,7,9,15,12,13,15,5,13,15,5,15,14
410670004,"Hillsboro Hare Field","Carbonyls","Butyraldehyde",7,NA,NA,NA,29,50,59,7,9,15,12,13,15,5,13,15,5,15,14
410670004,"Hillsboro Hare Field","Carbonyls","Crotonaldehyde",7,NA,NA,NA,29,50,59,7,9,15,12,13,15,5,13,15,5,15,14
410670004,"Hillsboro Hare Field","Carbonyls","Formaldehyde",7,9.10700892857143,7.65538974358974,7.22334523809524,29,50,59,7,9,15,12,13,15,5,13,15,5,15,14
410670004,"Hillsboro Hare Field","Carbonyls","Hexaldehyde",7,NA,NA,NA,29,50,59,7,9,15,12,13,15,5,13,15,5,15,14
410670004,"Hillsboro Hare Field","Carbonyls","Isovaleraldehyde",7,NA,NA,NA,28,49,59,7,8,15,12,13,15,5,13,15,4,15,14
410670004,"Hillsboro Hare Field","Carbonyls","m-Tolualdehyde",7,NA,NA,NA,29,50,59,7,9,15,12,13,15,5,13,15,5,15,14
410670004,"Hillsboro Hare Field","Carbonyls","o-Tolualdehyde",7,NA,NA,NA,29,50,59,7,9,15,12,13,15,5,13,15,5,15,14
410670004,"Hillsboro Hare Field","Carbonyls","p-Tolualdehyde",7,NA,NA,NA,29,50,59,7,9,15,12,13,15,5,13,15,5,15,14
410670004,"Hillsboro Hare Field","Carbonyls","Propionaldehyde",7,NA,NA,NA,29,50,59,7,9,15,12,13,15,5,13,15,5,15,14
410670004,"Hillsboro Hare Field","Carbonyls","Valeraldehyde",7,NA,NA,NA,29,50,59,7,9,15,12,13,15,5,13,15,5,15,14
410670004,"Hillsboro Hare Field","Metals","Antimony, Total",7,NA,NA,NA,57,60,60,11,15,15,15,15,15,15,15,15,16,15,15
410670004,"Hillsboro Hare Field","Metals","Arsenic, Total",7,4.2334540719697,4.0605,2.84125,57,60,60,11,15,15,15,15,15,15,15,15,16,15,15
410670004,"Hillsboro Hare Field","Metals","Beryllium, Total",7,0.01225,0.0119375,0.0119583333333333,57,60,60,11,15,15,15,15,15,15,15,15,16,15,15
410670004,"Hillsboro Hare Field","Metals","Cadmium, Total",7,0.137078598484848,0.106805555555556,0.0915555555555556,57,60,60,11,15,15,15,15,15,15,15,15,16,15,15
410670004,"Hillsboro Hare Field","Metals","Chromium, Total",7,NA,NA,NA,57,60,60,11,15,15,15,15,15,15,15,15,16,15,15
410670004,"Hillsboro Hare Field","Metals","Cobalt, Total",7,0.00072806202651515,0.00061766666666666,0.00093116666666666,57,60,60,11,15,15,15,15,15,15,15,15,16,15,15
410670004,"Hillsboro Hare Field","Metals","Hexavalent Chromium [Cr(VI)]",7,0.129967410714286,0.1346875,0.128854166666667,51,60,60,10,15,15,12,15,15,15,15,15,14,15,15
410670004,"Hillsboro Hare Field","Metals","Lead, Total",7,0.0136488560606061,0.0110597936507936,0.00818194444444444,57,59,60,11,15,15,15,15,15,15,15,15,16,14,15
410670004,"Hillsboro Hare Field","Metals","Manganese, Total",7,0.0402285953282828,0.0377221296296296,0.0396122222222222,57,60,60,11,15,15,15,15,15,15,15,15,16,15,15
410670004,"Hillsboro Hare Field","Metals","Nickel, Total",7,0.110630681818182,0.11273125,0.110625,57,60,60,11,15,15,15,15,15,15,15,15,16,15,15
410670004,"Hillsboro Hare Field","Metals","Selenium, Total",7,NA,NA,NA,57,60,60,11,15,15,15,15,15,15,15,15,16,15,15
410670004,"Hillsboro Hare Field","PAHs","Acenaphthene",7,0.453369791666667,0.469047619047619,0.48575,57,59,60,11,15,15,15,15,15,15,15,15,16,14,15
410670004,"Hillsboro Hare Field","PAHs","Acenaphthylene",7,NA,NA,NA,57,59,60,11,15,15,15,15,15,15,15,15,16,14,15
410670004,"Hillsboro Hare Field","PAHs","Anthracene",7,NA,NA,NA,57,59,60,11,15,15,15,15,15,15,15,15,16,14,15
410670004,"Hillsboro Hare Field","PAHs","Benzo(a)anthracene",7,NA,NA,NA,57,59,60,11,15,15,15,15,15,15,15,15,16,14,15
410670004,"Hillsboro Hare Field","PAHs","Benzo(a)pyrene",7,NA,NA,NA,57,59,60,11,15,15,15,15,15,15,15,15,16,14,15
410670004,"Hillsboro Hare Field","PAHs","Benzo(b)fluoranthene",7,NA,NA,NA,57,59,60,11,15,15,15,15,15,15,15,15,16,14,15
410670004,"Hillsboro Hare Field","PAHs","Benzo(e)pyrene",7,NA,NA,NA,57,59,60,11,15,15,15,15,15,15,15,15,16,14,15
410670004,"Hillsboro Hare Field","PAHs","Benzo(g,h,i)perylene",7,NA,NA,NA,57,59,60,11,15,15,15,15,15,15,15,15,16,14,15
410670004,"Hillsboro Hare Field","PAHs","Benzo(k)fluoranthene",7,NA,NA,NA,57,59,60,11,15,15,15,15,15,15,15,15,16,14,15
410670004,"Hillsboro Hare Field","PAHs","Chrysene",7,NA,NA,NA,57,59,60,11,15,15,15,15,15,15,15,15,16,14,15
410670004,"Hillsboro Hare Field","PAHs","Coronene",7,NA,NA,NA,57,59,60,11,15,15,15,15,15,15,15,15,16,14,15
410670004,"Hillsboro Hare Field","PAHs","Dibenzo(a,h)anthracene",7,NA,NA,NA,57,59,60,11,15,15,15,15,15,15,15,15,16,14,15
410670004,"Hillsboro Hare Field","PAHs","Dibenzofuran",7,NA,NA,NA,57,59,60,11,15,15,15,15,15,15,15,15,16,14,15
410670004,"Hillsboro Hare Field","PAHs","Dibenzothiophene",7,NA,NA,NA,57,59,60,11,15,15,15,15,15,15,15,15,16,14,15
410670004,"Hillsboro Hare Field","PAHs","Fluoranthene",7,NA,NA,NA,57,59,60,11,15,15,15,15,15,15,15,15,16,14,15
410670004,"Hillsboro Hare Field","PAHs","Fluorene",7,NA,NA,NA,57,59,60,11,15,15,15,15,15,15,15,15,16,14,15
410670004,"Hillsboro Hare Field","PAHs","Indeno(1,2,3-cd)pyrene",7,NA,NA,NA,57,59,60,11,15,15,15,15,15,15,15,15,16,14,15
410670004,"Hillsboro Hare Field","PAHs","Naphthalene",7,1.12346294191919,1.11796587301587,0.859366666666667,57,59,60,11,15,15,15,15,15,15,15,15,16,14,15
410670004,"Hillsboro Hare Field","PAHs","Perylene",7,NA,NA,NA,57,59,60,11,15,15,15,15,15,15,15,15,16,14,15
410670004,"Hillsboro Hare Field","PAHs","Phenanthrene",7,NA,NA,NA,57,59,60,11,15,15,15,15,15,15,15,15,16,14,15
410670004,"Hillsboro Hare Field","PAHs","Pyrene",7,NA,NA,NA,57,59,60,11,15,15,15,15,15,15,15,15,16,14,15
410670005,"Tualatin Bradbury Court","Carbonyls","2-Butanone (MEK)",7,NA,NA,NA,30,56,57,NA,11,15,5,15,14,14,16,14,11,14,14
410670005,"Tualatin Bradbury Court","Carbonyls","2,5-Dimethylbenzaldehyde",7,NA,NA,NA,31,57,57,NA,12,15,5,15,14,14,16,14,12,14,14
410670005,"Tualatin Bradbury Court","Carbonyls","Acetaldehyde",7,2.39027513227513,2.69078406084656,2.80210052910053,31,57,57,NA,12,15,5,15,14,14,16,14,12,14,14
410670005,"Tualatin Bradbury Court","Carbonyls","Acetone",7,NA,NA,NA,31,57,57,NA,12,15,5,15,14,14,16,14,12,14,14
410670005,"Tualatin Bradbury Court","Carbonyls","Benzaldehyde",7,NA,NA,NA,31,57,57,NA,12,15,5,15,14,14,16,14,12,14,14
410670005,"Tualatin Bradbury Court","Carbonyls","Butyraldehyde",7,NA,NA,NA,31,57,57,NA,12,15,5,15,14,14,16,14,12,14,14
410670005,"Tualatin Bradbury Court","Carbonyls","Crotonaldehyde",7,NA,NA,NA,31,57,57,NA,12,15,5,15,14,14,16,14,12,14,14
410670005,"Tualatin Bradbury Court","Carbonyls","Formaldehyde",7,9.16184523809524,8.46995386904762,9.33682738095238,31,57,57,NA,12,15,5,15,14,14,16,14,12,14,14
410670005,"Tualatin Bradbury Court","Carbonyls","Hexaldehyde",7,NA,NA,NA,31,57,57,NA,12,15,5,15,14,14,16,14,12,14,14
410670005,"Tualatin Bradbury Court","Carbonyls","Isovaleraldehyde",7,NA,NA,NA,29,57,57,NA,12,15,5,15,14,14,16,14,10,14,14
410670005,"Tualatin Bradbury Court","Carbonyls","m-Tolualdehyde",7,NA,NA,NA,31,57,57,NA,12,15,5,15,14,14,16,14,12,14,14
410670005,"Tualatin Bradbury Court","Carbonyls","o-Tolualdehyde",7,NA,NA,NA,31,57,57,NA,12,15,5,15,14,14,16,14,12,14,14
410670005,"Tualatin Bradbury Court","Carbonyls","p-Tolualdehyde",7,NA,NA,NA,31,56,57,NA,12,15,5,14,14,14,16,14,12,14,14
410670005,"Tualatin Bradbury Court","Carbonyls","Propionaldehyde",7,NA,NA,NA,31,57,57,NA,12,15,5,15,14,14,16,14,12,14,14
410670005,"Tualatin Bradbury Court","Carbonyls","Valeraldehyde",7,NA,NA,NA,31,57,57,NA,12,15,5,15,14,14,16,14,12,14,14
410670005,"Tualatin Bradbury Court","Metals","Antimony, Total",7,NA,NA,NA,50,60,60,3,15,15,15,15,15,17,16,15,15,14,15
410670005,"Tualatin Bradbury Court","Metals","Arsenic, Total",7,4.29648039215686,3.7078318452381,2.75216666666667,50,60,60,3,15,15,15,15,15,17,16,15,15,14,15
410670005,"Tualatin Bradbury Court","Metals","Beryllium, Total",7,0.01125,0.01192578125,0.0115625,50,60,60,3,15,15,15,15,15,17,16,15,15,14,15
410670005,"Tualatin Bradbury Court","Metals","Cadmium, Total",7,0.110013888888889,0.109418774801587,0.0834444444444444,50,60,60,3,15,15,15,15,15,17,16,15,15,14,15
410670005,"Tualatin Bradbury Court","Metals","Chromium, Total",7,NA,NA,NA,50,60,60,3,15,15,15,15,15,17,16,15,15,14,15
410670005,"Tualatin Bradbury Court","Metals","Cobalt, Total",7,0.00104022058823529,0.0010971130952381,0.001213,50,60,60,3,15,15,15,15,15,17,16,15,15,14,15
410670005,"Tualatin Bradbury Court","Metals","Hexavalent Chromium [Cr(VI)]",7,0.175,0.167387820512821,0.157395833333333,46,56,60,3,12,15,13,15,15,16,16,15,14,13,15
410670005,"Tualatin Bradbury Court","Metals","Lead, Total",7,0.0137140424836601,0.0102530848214286,0.00870422222222222,50,60,60,3,15,15,15,15,15,17,16,15,15,14,15
410670005,"Tualatin Bradbury Court","Metals","Manganese, Total",7,0.0722309368191721,0.0781452645502645,0.0735491666666667,50,60,60,3,15,15,15,15,15,17,16,15,15,14,15
410670005,"Tualatin Bradbury Court","Metals","Nickel, Total",7,0.132355392156863,0.137739248511905,0.133766666666667,50,60,60,3,15,15,15,15,15,17,16,15,15,14,15
410670005,"Tualatin Bradbury Court","Metals","Selenium, Total",7,NA,NA,NA,50,60,60,3,15,15,15,15,15,17,16,15,15,14,15
410670005,"Tualatin Bradbury Court","PAHs","Acenaphthene",7,0.583038690476191,1.18060714285714,0.8315,47,60,60,2,15,15,15,15,15,16,16,15,14,14,15
410670005,"Tualatin Bradbury Court","PAHs","Acenaphthylene",7,NA,NA,NA,47,60,60,2,15,15,15,15,15,16,16,15,14,14,15
410670005,"Tualatin Bradbury Court","PAHs","Anthracene",7,NA,NA,NA,47,60,60,2,15,15,15,15,15,16,16,15,14,14,15
410670005,"Tualatin Bradbury Court","PAHs","Benzo(a)anthracene",7,NA,NA,NA,47,60,60,2,15,15,15,15,15,16,16,15,14,14,15
410670005,"Tualatin Bradbury Court","PAHs","Benzo(a)pyrene",7,NA,NA,NA,47,60,60,2,15,15,15,15,15,16,16,15,14,14,15
410670005,"Tualatin Bradbury Court","PAHs","Benzo(b)fluoranthene",7,NA,NA,NA,47,60,60,2,15,15,15,15,15,16,16,15,14,14,15
410670005,"Tualatin Bradbury Court","PAHs","Benzo(e)pyrene",7,NA,NA,NA,47,60,60,2,15,15,15,15,15,16,16,15,14,14,15
410670005,"Tualatin Bradbury Court","PAHs","Benzo(g,h,i)perylene",7,NA,NA,NA,47,60,60,2,15,15,15,15,15,16,16,15,14,14,15
410670005,"Tualatin Bradbury Court","PAHs","Benzo(k)fluoranthene",7,NA,NA,NA,47,60,60,2,15,15,15,15,15,16,16,15,14,14,15
410670005,"Tualatin Bradbury Court","PAHs","Chrysene",7,NA,NA,NA,47,60,60,2,15,15,15,15,15,16,16,15,14,14,15
410670005,"Tualatin Bradbury Court","PAHs","Coronene",7,NA,NA,NA,47,60,60,2,15,15,15,15,15,16,16,15,14,14,15
410670005,"Tualatin Bradbury Court","PAHs","Dibenzo(a,h)anthracene",7,NA,NA,NA,47,60,60,2,15,15,15,15,15,16,16,15,14,14,15
410670005,"Tualatin Bradbury Court","PAHs","Dibenzofuran",7,NA,NA,NA,47,60,60,2,15,15,15,15,15,16,16,15,14,14,15
410670005,"Tualatin Bradbury Court","PAHs","Dibenzothiophene",7,NA,NA,NA,47,60,60,2,15,15,15,15,15,16,16,15,14,14,15
410670005,"Tualatin Bradbury Court","PAHs","Fluoranthene",7,NA,NA,NA,47,60,60,2,15,15,15,15,15,16,16,15,14,14,15
410670005,"Tualatin Bradbury Court","PAHs","Fluorene",7,NA,NA,NA,47,60,60,2,15,15,15,15,15,16,16,15,14,14,15
410670005,"Tualatin Bradbury Court","PAHs","Indeno(1,2,3-cd)pyrene",7,NA,NA,NA,47,60,60,2,15,15,15,15,15,16,16,15,14,14,15
410670005,"Tualatin Bradbury Court","PAHs","Naphthalene",7,1.27977827380952,1.67612152777778,1.59333333333333,47,60,60,2,15,15,15,15,15,16,16,15,14,14,15
410670005,"Tualatin Bradbury Court","PAHs","Perylene",7,NA,NA,NA,47,60,60,2,15,15,15,15,15,16,16,15,14,14,15
410670005,"Tualatin Bradbury Court","PAHs","Phenanthrene",7,NA,NA,NA,47,60,60,2,15,15,15,15,15,16,16,15,14,14,15
410670005,"Tualatin Bradbury Court","PAHs","Pyrene",7,NA,NA,NA,47,60,60,2,15,15,15,15,15,16,16,15,14,14,15
410170123,"Bend 8th & Emerson","Carbonyls","2-Butanone (MEK)",7,NA,NA,NA,NA,23,55,NA,NA,14,NA,NA,15,NA,9,13,NA,14,13
410170123,"Bend 8th & Emerson","Carbonyls","2,5-Dimethylbenzaldehyde",7,NA,NA,NA,NA,23,55,NA,NA,14,NA,NA,15,NA,9,13,NA,14,13
410170123,"Bend 8th & Emerson","Carbonyls","Acetaldehyde",7,NA,4.79310405643739,3.53679507529508,NA,23,55,NA,NA,14,NA,NA,15,NA,9,13,NA,14,13
410170123,"Bend 8th & Emerson","Carbonyls","Acetone",7,NA,NA,NA,NA,23,55,NA,NA,14,NA,NA,15,NA,9,13,NA,14,13
410170123,"Bend 8th & Emerson","Carbonyls","Benzaldehyde",7,NA,NA,NA,NA,23,55,NA,NA,14,NA,NA,15,NA,9,13,NA,14,13
410170123,"Bend 8th & Emerson","Carbonyls","Butyraldehyde",7,NA,NA,NA,NA,23,55,NA,NA,14,NA,NA,15,NA,9,13,NA,14,13
410170123,"Bend 8th & Emerson","Carbonyls","Crotonaldehyde",7,NA,NA,NA,NA,23,55,NA,NA,14,NA,NA,15,NA,9,13,NA,14,13
410170123,"Bend 8th & Emerson","Carbonyls","Formaldehyde",7,NA,23.6039682539683,13.2040531135531,NA,23,55,NA,NA,14,NA,NA,15,NA,9,13,NA,14,13
410170123,"Bend 8th & Emerson","Carbonyls","Hexaldehyde",7,NA,NA,NA,NA,23,55,NA,NA,14,NA,NA,15,NA,9,13,NA,14,13
410170123,"Bend 8th & Emerson","Carbonyls","Isovaleraldehyde",7,NA,NA,NA,NA,23,55,NA,NA,14,NA,NA,15,NA,9,13,NA,14,13
410170123,"Bend 8th & Emerson","Carbonyls","m-Tolualdehyde",7,NA,NA,NA,NA,23,55,NA,NA,14,NA,NA,15,NA,9,13,NA,14,13
410170123,"Bend 8th & Emerson","Carbonyls","o-Tolualdehyde",7,NA,NA,NA,NA,23,55,NA,NA,14,NA,NA,15,NA,9,13,NA,14,13
410170123,"Bend 8th & Emerson","Carbonyls","p-Tolualdehyde",7,NA,NA,NA,NA,23,55,NA,NA,14,NA,NA,15,NA,9,13,NA,14,13
410170123,"Bend 8th & Emerson","Carbonyls","Propionaldehyde",7,NA,NA,NA,NA,23,55,NA,NA,14,NA,NA,15,NA,9,13,NA,14,13
410170123,"Bend 8th & Emerson","Carbonyls","Valeraldehyde",7,NA,NA,NA,NA,23,55,NA,NA,14,NA,NA,15,NA,9,13,NA,14,13
410170123,"Bend 8th & Emerson","Metals","Antimony, Total",7,NA,NA,NA,NA,24,59,NA,NA,15,NA,NA,15,NA,9,14,NA,15,15
410170123,"Bend 8th & Emerson","Metals","Arsenic, Total",7,NA,0.807777777777778,0.696059523809524,NA,24,59,NA,NA,15,NA,NA,15,NA,9,14,NA,15,15
410170123,"Bend 8th & Emerson","Metals","Beryllium, Total",7,NA,0.0138888888888889,0.0125416666666667,NA,24,59,NA,NA,15,NA,NA,15,NA,9,14,NA,15,15
410170123,"Bend 8th & Emerson","Metals","Cadmium, Total",7,NA,0.0922685185185185,0.0970416666666667,NA,24,59,NA,NA,15,NA,NA,15,NA,9,14,NA,15,15
410170123,"Bend 8th & Emerson","Metals","Chromium, Total",7,NA,NA,NA,NA,24,59,NA,NA,15,NA,NA,15,NA,9,14,NA,15,15
410170123,"Bend 8th & Emerson","Metals","Cobalt, Total",7,NA,0.00110094444444444,0.00108642261904762,NA,24,59,NA,NA,15,NA,NA,15,NA,9,14,NA,15,15
410170123,"Bend 8th & Emerson","Metals","Hexavalent Chromium [Cr(VI)]",7,NA,0.1259375,0.125208333333333,NA,17,60,NA,NA,15,NA,NA,15,NA,7,15,NA,10,15
410170123,"Bend 8th & Emerson","Metals","Lead, Total",7,NA,0.00488806267806268,0.00442644444444444,NA,22,59,NA,NA,15,NA,NA,15,NA,9,14,NA,13,15
410170123,"Bend 8th & Emerson","Metals","Manganese, Total",7,NA,0.0869740740740741,0.0609968386243386,NA,24,59,NA,NA,15,NA,NA,15,NA,9,14,NA,15,15
410170123,"Bend 8th & Emerson","Metals","Nickel, Total",7,NA,0.110625,0.121112797619048,NA,24,59,NA,NA,15,NA,NA,15,NA,9,14,NA,15,15
410170123,"Bend 8th & Emerson","Metals","Selenium, Total",7,NA,NA,NA,NA,24,59,NA,NA,15,NA,NA,15,NA,9,14,NA,15,15
410170123,"Bend 8th & Emerson","PAHs","Acenaphthene",7,NA,1.15622222222222,0.499321428571428,NA,24,59,NA,NA,14,NA,NA,15,NA,9,15,NA,15,15
410170123,"Bend 8th & Emerson","PAHs","Acenaphthylene",7,NA,NA,NA,NA,24,59,NA,NA,14,NA,NA,15,NA,9,15,NA,15,15
410170123,"Bend 8th & Emerson","PAHs","Anthracene",7,NA,NA,NA,NA,24,59,NA,NA,14,NA,NA,15,NA,9,15,NA,15,15
410170123,"Bend 8th & Emerson","PAHs","Benzo(a)anthracene",7,NA,NA,NA,NA,24,59,NA,NA,14,NA,NA,15,NA,9,15,NA,15,15
410170123,"Bend 8th & Emerson","PAHs","Benzo(a)pyrene",7,NA,NA,NA,NA,24,59,NA,NA,14,NA,NA,15,NA,9,15,NA,15,15
410170123,"Bend 8th & Emerson","PAHs","Benzo(b)fluoranthene",7,NA,NA,NA,NA,24,59,NA,NA,14,NA,NA,15,NA,9,15,NA,15,15
410170123,"Bend 8th & Emerson","PAHs","Benzo(e)pyrene",7,NA,NA,NA,NA,24,59,NA,NA,14,NA,NA,15,NA,9,15,NA,15,15
410170123,"Bend 8th & Emerson","PAHs","Benzo(g,h,i)perylene",7,NA,NA,NA,NA,24,59,NA,NA,14,NA,NA,15,NA,9,15,NA,15,15
410170123,"Bend 8th & Emerson","PAHs","Benzo(k)fluoranthene",7,NA,NA,NA,NA,24,59,NA,NA,14,NA,NA,15,NA,9,15,NA,15,15
410170123,"Bend 8th & Emerson","PAHs","Chrysene",7,NA,NA,NA,NA,24,59,NA,NA,14,NA,NA,15,NA,9,15,NA,15,15
410170123,"Bend 8th & Emerson","PAHs","Coronene",7,NA,NA,NA,NA,24,59,NA,NA,14,NA,NA,15,NA,9,15,NA,15,15
410170123,"Bend 8th & Emerson","PAHs","Dibenzo(a,h)anthracene",7,NA,NA,NA,NA,24,59,NA,NA,14,NA,NA,15,NA,9,15,NA,15,15
410170123,"Bend 8th & Emerson","PAHs","Dibenzofuran",7,NA,NA,NA,NA,24,59,NA,NA,14,NA,NA,15,NA,9,15,NA,15,15
410170123,"Bend 8th & Emerson","PAHs","Dibenzothiophene",7,NA,NA,NA,NA,24,59,NA,NA,14,NA,NA,15,NA,9,15,NA,15,15
410170123,"Bend 8th & Emerson","PAHs","Fluoranthene",7,NA,NA,NA,NA,24,59,NA,NA,14,NA,NA,15,NA,9,15,NA,15,15
410170123,"Bend 8th & Emerson","PAHs","Fluorene",7,NA,NA,NA,NA,24,59,NA,NA,14,NA,NA,15,NA,9,15,NA,15,15
410170123,"Bend 8th & Emerson","PAHs","Indeno(1,2,3-cd)pyrene",7,NA,NA,NA,NA,24,59,NA,NA,14,NA,NA,15,NA,9,15,NA,15,15
410170123,"Bend 8th & Emerson","PAHs","Naphthalene",7,NA,3.10272962962963,0.865750396825397,NA,24,59,NA,NA,14,NA,NA,15,NA,9,15,NA,15,15
410170123,"Bend 8th & Emerson","PAHs","Perylene",7,NA,NA,NA,NA,24,59,NA,NA,14,NA,NA,15,NA,9,15,NA,15,15
410170123,"Bend 8th & Emerson","PAHs","Phenanthrene",7,NA,NA,NA,NA,24,59,NA,NA,14,NA,NA,15,NA,9,15,NA,15,15
410170123,"Bend 8th & Emerson","PAHs","Pyrene",7,NA,NA,NA,NA,24,59,NA,NA,14,NA,NA,15,NA,9,15,NA,15,15
410390059,"Eugene Hwy 99","VOCs","1,1-Dichloroethane",7,NA,NA,NA,NA,54,51,NA,12,14,NA,12,12,NA,16,12,NA,14,13
410390059,"Eugene Hwy 99","VOCs","1,1-Dichloroethylene",7,NA,NA,NA,NA,54,51,NA,12,14,NA,12,12,NA,16,12,NA,14,13
410390059,"Eugene Hwy 99","VOCs","1,1,1-Trichloroethane",7,NA,1.09063740740694e-05,1.31694466944388e-05,NA,54,51,NA,12,14,NA,12,12,NA,16,12,NA,14,13
410390059,"Eugene Hwy 99","VOCs","1,1,2-Trichloroethane",7,NA,NA,NA,NA,54,51,NA,12,14,NA,12,12,NA,16,12,NA,14,13
410390059,"Eugene Hwy 99","VOCs","1,1,2,2-Tetrachloroethane",7,NA,NA,NA,NA,54,51,NA,12,14,NA,12,12,NA,16,12,NA,14,13
410390059,"Eugene Hwy 99","VOCs","1,2-Dibromoethane (EDB)",7,NA,NA,NA,NA,54,51,NA,12,14,NA,12,12,NA,16,12,NA,14,13
410390059,"Eugene Hwy 99","VOCs","1,2-Dichlorobenzene",7,NA,NA,NA,NA,54,51,NA,12,14,NA,12,12,NA,16,12,NA,14,13
410390059,"Eugene Hwy 99","VOCs","1,2-Dichloroethane (EDC)",7,NA,NA,NA,NA,54,51,NA,12,14,NA,12,12,NA,16,12,NA,14,13
410390059,"Eugene Hwy 99","VOCs","1,2-Dichloropropane",7,NA,NA,NA,NA,54,51,NA,12,14,NA,12,12,NA,16,12,NA,14,13
410390059,"Eugene Hwy 99","VOCs","1,2-Dimethylbenzene",7,NA,NA,NA,NA,54,51,NA,12,14,NA,12,12,NA,16,12,NA,14,13
410390059,"Eugene Hwy 99","VOCs","1,2,4-Trichlorobenzene",7,NA,NA,NA,NA,54,51,NA,12,14,NA,12,12,NA,16,12,NA,14,13
410390059,"Eugene Hwy 99","VOCs","1,2,4-Trimethylbenzene",7,NA,NA,NA,NA,54,51,NA,12,14,NA,12,12,NA,16,12,NA,14,13
410390059,"Eugene Hwy 99","VOCs","1,3-Butadiene",7,NA,4.61008909954347,2.14777691658126,NA,54,51,NA,12,14,NA,12,12,NA,16,12,NA,14,13
410390059,"Eugene Hwy 99","VOCs","1,3-Dichlorobenzene",7,NA,NA,NA,NA,54,51,NA,12,14,NA,12,12,NA,16,12,NA,14,13
410390059,"Eugene Hwy 99","VOCs","1,3,5-Trimethylbenzene",7,NA,NA,NA,NA,54,51,NA,12,14,NA,12,12,NA,16,12,NA,14,13
410390059,"Eugene Hwy 99","VOCs","1,4-Dichlorobenzene",7,NA,2.00292175146101,2.05657144123229,NA,54,51,NA,12,14,NA,12,12,NA,16,12,NA,14,13
410390059,"Eugene Hwy 99","VOCs","1,4-Dimethylbenzene + 1,3-Dimethylbenzene",7,NA,NA,NA,NA,54,51,NA,12,14,NA,12,12,NA,16,12,NA,14,13
410390059,"Eugene Hwy 99","VOCs","1,4-Dioxane",7,NA,NA,NA,NA,54,51,NA,12,14,NA,12,12,NA,16,12,NA,14,13
410390059,"Eugene Hwy 99","VOCs","2-Butanone (MEK)",7,NA,NA,NA,NA,54,51,NA,12,14,NA,12,12,NA,16,12,NA,14,13
410390059,"Eugene Hwy 99","VOCs","2-Chloro-1,3-butadiene",7,NA,NA,NA,NA,54,51,NA,12,14,NA,12,12,NA,16,12,NA,14,13
410390059,"Eugene Hwy 99","VOCs","2-Hexanone",7,NA,NA,NA,NA,54,51,NA,12,14,NA,12,12,NA,16,12,NA,14,13
410390059,"Eugene Hwy 99","VOCs","4-Ethyltoluene",7,NA,NA,NA,NA,54,51,NA,12,14,NA,12,12,NA,16,12,NA,14,13
410390059,"Eugene Hwy 99","VOCs","4-Methyl-2-pentanone (MIBK)",7,NA,NA,NA,NA,53,51,NA,12,14,NA,12,12,NA,15,12,NA,14,13
410390059,"Eugene Hwy 99","VOCs","Acetone",7,NA,NA,NA,NA,54,51,NA,12,14,NA,12,12,NA,16,12,NA,14,13
410390059,"Eugene Hwy 99","VOCs","Acetonitrile",7,NA,NA,NA,NA,53,50,NA,12,13,NA,12,12,NA,16,12,NA,13,13
410390059,"Eugene Hwy 99","VOCs","Acrolein",7,NA,0.915263726544516,0.65756795049599,NA,54,51,NA,12,14,NA,12,12,NA,16,12,NA,14,13
410390059,"Eugene Hwy 99","VOCs","Acrylonitrile",7,NA,6.79023561451228,4.4541373851006,NA,54,51,NA,12,14,NA,12,12,NA,16,12,NA,14,13
410390059,"Eugene Hwy 99","VOCs","Benzene",7,NA,11.2726348812889,5.11890760686996,NA,54,51,NA,12,14,NA,12,12,NA,16,12,NA,14,13
410390059,"Eugene Hwy 99","VOCs","Benzyl chloride",7,NA,NA,NA,NA,54,51,NA,12,14,NA,12,12,NA,16,12,NA,14,13
410390059,"Eugene Hwy 99","VOCs","Bromodichloromethane",7,NA,NA,NA,NA,54,51,NA,12,14,NA,12,12,NA,16,12,NA,14,13
410390059,"Eugene Hwy 99","VOCs","Bromoform",7,NA,NA,NA,NA,54,51,NA,12,14,NA,12,12,NA,16,12,NA,14,13
410390059,"Eugene Hwy 99","VOCs","Bromomethane",7,NA,NA,NA,NA,54,51,NA,12,14,NA,12,12,NA,16,12,NA,14,13
410390059,"Eugene Hwy 99","VOCs","Carbon disulfide",7,NA,NA,NA,NA,54,51,NA,12,14,NA,12,12,NA,16,12,NA,14,13
410390059,"Eugene Hwy 99","VOCs","Carbon tetrachloride",7,NA,3.29827723711412,3.14634896331647,NA,54,51,NA,12,14,NA,12,12,NA,16,12,NA,14,13
410390059,"Eugene Hwy 99","VOCs","Chlorobenzene",7,NA,NA,NA,NA,54,51,NA,12,14,NA,12,12,NA,16,12,NA,14,13
410390059,"Eugene Hwy 99","VOCs","Chloroethane",7,NA,NA,NA,NA,54,51,NA,12,14,NA,12,12,NA,16,12,NA,14,13
410390059,"Eugene Hwy 99","VOCs","Chloroform",7,NA,0.00044060879408502,0.00037298201943494,NA,54,51,NA,12,14,NA,12,12,NA,16,12,NA,14,13
410390059,"Eugene Hwy 99","VOCs","Chloromethane",7,NA,NA,NA,NA,54,51,NA,12,14,NA,12,12,NA,16,12,NA,14,13
410390059,"Eugene Hwy 99","VOCs","cis-1,2-Dichloroethene",7,NA,NA,NA,NA,54,51,NA,12,14,NA,12,12,NA,16,12,NA,14,13
410390059,"Eugene Hwy 99","VOCs","cis-1,3-Dichloropropene",7,NA,NA,NA,NA,54,51,NA,12,14,NA,12,12,NA,16,12,NA,14,13
410390059,"Eugene Hwy 99","VOCs","Cyclohexane",7,NA,NA,NA,NA,54,51,NA,12,14,NA,12,12,NA,16,12,NA,14,13
410390059,"Eugene Hwy 99","VOCs","Dibromochloromethane",7,NA,NA,NA,NA,54,51,NA,12,14,NA,12,12,NA,16,12,NA,14,13
410390059,"Eugene Hwy 99","VOCs","Dichlorodifluoromethane (Freon 12)",7,NA,NA,NA,NA,54,51,NA,12,14,NA,12,12,NA,16,12,NA,14,13
410390059,"Eugene Hwy 99","VOCs","Dichlorotetrafluoroethane (Freon 114)",7,NA,NA,NA,NA,54,51,NA,12,14,NA,12,12,NA,16,12,NA,14,13
410390059,"Eugene Hwy 99","VOCs","Ethylbenzene",7,NA,1.61293705784638,0.94941470806856,NA,54,51,NA,12,14,NA,12,12,NA,16,12,NA,14,13
410390059,"Eugene Hwy 99","VOCs","Hexachloro-1,3-butadiene",7,NA,NA,NA,NA,54,51,NA,12,14,NA,12,12,NA,16,12,NA,14,13
410390059,"Eugene Hwy 99","VOCs","Isopropanol",7,NA,NA,NA,NA,54,51,NA,12,14,NA,12,12,NA,16,12,NA,14,13
410390059,"Eugene Hwy 99","VOCs","Methyl tert-butyl ether (MTBE)",7,NA,NA,NA,NA,54,51,NA,12,14,NA,12,12,NA,16,12,NA,14,13
410390059,"Eugene Hwy 99","VOCs","Methylene chloride",7,NA,0.308464754863238,0.018117098049759,NA,51,50,NA,12,13,NA,12,12,NA,13,12,NA,14,13
410390059,"Eugene Hwy 99","VOCs","Methylmethacrylate",7,NA,NA,NA,NA,54,51,NA,12,14,NA,12,12,NA,16,12,NA,14,13
410390059,"Eugene Hwy 99","VOCs","n-Heptane",7,NA,NA,NA,NA,54,51,NA,12,14,NA,12,12,NA,16,12,NA,14,13
410390059,"Eugene Hwy 99","VOCs","n-Hexane",7,NA,0.0514431546830904,0.210389835574352,NA,54,51,NA,12,14,NA,12,12,NA,16,12,NA,14,13
410390059,"Eugene Hwy 99","VOCs","Styrene",7,NA,0.0001831775295828,0.00013784078351609,NA,54,51,NA,12,14,NA,12,12,NA,16,12,NA,14,13
410390059,"Eugene Hwy 99","VOCs","Tetrachloroethylene",7,NA,0.0515370265960001,0.0331861060854101,NA,54,51,NA,12,14,NA,12,12,NA,16,12,NA,14,13
410390059,"Eugene Hwy 99","VOCs","Tetrahydrofuran",7,NA,NA,NA,NA,53,50,NA,11,14,NA,12,11,NA,16,12,NA,14,13
410390059,"Eugene Hwy 99","VOCs","Toluene",7,NA,0.00066469374268869,0.00045446297495028,NA,54,51,NA,12,14,NA,12,12,NA,16,12,NA,14,13
410390059,"Eugene Hwy 99","VOCs","trans-1,2-Dichloroethene",7,NA,NA,NA,NA,54,51,NA,12,14,NA,12,12,NA,16,12,NA,14,13
410390059,"Eugene Hwy 99","VOCs","trans-1,3-Dichloropropene",7,NA,NA,NA,NA,54,51,NA,12,14,NA,12,12,NA,16,12,NA,14,13
410390059,"Eugene Hwy 99","VOCs","Trichloroethylene",7,NA,0.41766149668823,0.413585580819287,NA,54,51,NA,12,14,NA,12,12,NA,16,12,NA,14,13
410390059,"Eugene Hwy 99","VOCs","Trichlorofluoromethane (Freon 11)",7,NA,NA,NA,NA,54,51,NA,12,14,NA,12,12,NA,16,12,NA,14,13
410390059,"Eugene Hwy 99","VOCs","Trichlotrifluoroethane (freon 113)",7,NA,NA,NA,NA,54,51,NA,12,14,NA,12,12,NA,16,12,NA,14,13
410390059,"Eugene Hwy 99","VOCs","vinyl chloride",7,NA,0.127731534362854,0.131152914747574,NA,54,51,NA,12,14,NA,12,12,NA,16,12,NA,14,13
